AAF APALACHICOLA FLORIDA USA 33
ABE ALLENTOWN PENNSYLVANIA USA 23
ABI ABILENE TEXAS USA 74
ABL AMBLER ALASKA USA 1
ABR ABERDEEN SOUTH DAKOTA USA 67
ACB BELLAIRE MICHIGAN USA 43
ACK NANTUCKET MASSACHUSETTS USA 13
ACT WACO TEXAS USA 74
ACV EUREKA ARCATA CALIFORNIA USA 91
ACY ATLANTIC CITY NEW JERSEY USA 21
ADG ADRIAN MICHIGAN USA 43
ADK ADAK ISLAND ALASKA USA 1
ADM ARDMORE OKLAHOMA USA 73
ADQ KODIAK ALASKA USA 1
ADR ANDREWS SOUTH CAROLINA USA 37
ADS DALLAS FT. WORTH TEXAS USA 74
ADT ADA OKLAHOMA USA 73
ADW ANDREWS AFB MARYLAND USA 35
AEL ALBERT LEA MINNESOTA USA 63
AET ALLAKAKET ALASKA USA 1
AEX ALEXANDRIA LOUISIANA USA 72
AFN JAFFREY NEW HAMPSHIRE USA 14
AFO AFTON WYOMING USA 88
AFW DALLAS FT. WORTH TEXAS USA 74
AGC PITTSBURGH PENNSYLVANIA USA 23
AGN ANGOON ALASKA USA 1
AGO MAGNOLIA ARKANSAS USA 71
AHD ARDMORE OKLAHOMA USA 73
AHF ARAPAHOE NEBRASKA USA 65
AHH AMERY WISCONSIN USA 45
AHT AMCHITKA ALASKA USA 1
AIA ALLIANCE NEBRASKA USA 65
AIB ANITA BAY ALASKA USA 1
AIC AIROK MARSHALL ISLANDS 844
AIK AIKEN SOUTH CAROLINA USA 37
AIM AILUK MARSHALL ISLANDS 844
AIN WAINWRIGHT ALASKA USA 1
AIO ATLANTIC IOWA USA 61
AIP AILINGLAPALAP MARSHALL ISLANDS 844
AIV ALICEVILLE ALABAMA USA 51
AIY ATLANTIC CITY NEW JERSEY USA 21
AIZ LAKE OF THE OZARKS MISSOURI USA 64
AKB ATKA ISLAND ALASKA USA 1
AKC AKRON CANTON OHIO-FULTON USA 44
AKI AKIAK ALASKA USA 1
AKK AKHIOK ALASKA USA 1
AKN KING SALMON ALASKA USA 1
AKO AKRON COLORADO USA 82
AKP ANAKTUVUK PASS ALASKA USA 1
ALB ALBANY NEW YORK USA 22
ALE ALPINE TEXAS USA 74
ALI ALICE TEXAS USA 74
ALN ALTON ILLINOIS USA 41
ALO WATERLOO IOWA USA 61
ALS ALAMOSA COLORADO USA 82
ALW WALLA WALLA WASHINGTON USA 93
ALX ALEXANDER CITY ALABAMA USA 51
ALZ ALITAK ALASKA USA 1
AMA AMARILLO TEXAS USA 74
AMK DURANGO COLORADO USA 82
AMN ALMA MICHIGAN USA 43
AMR ARNO MARSHALL ISLANDS 844
AMW AMES IOWA USA 61
ANB ANNISTON ALABAMA USA 51
ANC ANCHORAGE ALASKA USA 1
AND ANDERSON SOUTH CAROLINA USA 37
ANI ANIAK ALASKA USA 1
ANN ANNETTE ISLAND ALASKA USA 1
ANP ANNAPOLIS MARYLAND USA 35
ANV ANVIK ALASKA USA 1
ANW AINSWORTH NEBRASKA USA 65
ANY ANTHONY KANSAS USA 62
AOH LIMA OHIO USA 44
AOO ALTOONA PENNSYLVANIA USA 23
AOS AMOOK ALASKA USA 1
APA DENVER COLORADO USA 82
APC NAPA CALIFORNIA USA 91
APF NAPLES FLORIDA USA 33
APG ABERDEEN MARYLAND USA 35
APN ALPENA MICHIGAN USA 43
APT JASPER TENNESSEE USA 54
APV APPLE VALLEY CALIFORNIA USA 91
AQY ALYESKA ALASKA USA 1
ARA NEW IBERIA LOUISIANA USA 72
ARB ANN ARBOR MICHIGAN USA 43
ARC ARCTIC VILLAGE ALASKA USA 1
ARE ARECIBO PUERTO RICO 3
ARG WALNUT RIDGE ARKANSAS USA 71
ART WATERTOWN NEW YORK USA 22
ARV MINOCQUA WISCONSIN USA 45
ARX ASBURY PARK NEW JERSEY USA 21
ASE ASPEN COLORADO USA 82
ASH NASHUA NEW HAMPSHIRE USA 14
ASI ASCENSION ISLAND ST. HELENA 580
ASL MARSHALL TEXAS USA 74
ASN TALLADEGA ALABAMA USA 51
AST ASTORIA OREGON USA 92
ASX ASHLAND WISCONSIN USA 45
ASY ASHLEY NORTH DAKOTA USA 66
ATE ANTLERS OKLAHOMA USA 73
ATK ATQASUK ALASKA USA 1
ATO ATHENS OHIO USA 44
ATT ATMAUTLUAK ALASKA USA 1
ATU ATTU ISLAND ALASKA USA 1
ATW APPLETON WISCONSIN USA 45
ATY WATERTOWN SOUTH DAKOTA USA 67
AUG AUGUSTA MAINE USA 12
AUK ALAKANUK ALASKA USA 1
AUL AUR MARSHALL ISLANDS 844
AUN AUBURN CALIFORNIA USA 91
AUO AUBURN OPELIKA ALABAMA USA 51
AUW WAUSAU WISCONSIN USA 45
AUZ AURORA ILLINOIS USA 41
AVC AVON COLORADO USA 82
AVL ASHEVILLE NORTH CAROLINA USA 36
AVO AVON PARK FLORIDA USA 33
AVP SCRANTON WILKES-BARRE PA USA 23
AVW TUCSON ARIZONA USA 81
AVX CATALINA ISLAND CALIFORNIA USA 91
AWM WEST MEMPHIS ARKANSAS USA 71
AXB ALEXANDRIA BAY NEW YORK USA 22
AXG ALGONA IOWA USA 61
AXN ALEXANDRIA MINNESOTA USA 63
AXS ALTUS OKLAHOMA USA 73
AXV WAPAKONETA OHIO USA 44
AYZ AMITYVILLE NEW YORK USA 22
AZO KALAMAZOO MICHIGAN USA 43
BAB MARYSVILLE CALIFORNIA USA 91
BAD SHREVEPORT LOUISIANA USA 72
BAF WESTFIELD MASSACHUSETTS USA 13
BAM BATTLE MOUNTAIN NEVADA USA 85
BAR BAKER ISLAND ALASKA USA 1
BBB BENSON MINNESOTA USA 63
BBD BRADY TEXAS USA 74
BBF BURLINGTON MASSACHUSETTS USA 13
BBW BROKEN BOW NEBRASKA USA 65
BBX BLUE BELL PENNSYLVANIA USA 23
BCB BLACKSBURG VIRGINIA USA 38
BCE BRYCE CANYON UTAH USA 87
BCS BELLE CHASSE LOUISIANA USA 72
BDA BERMUDA ATLANTIC OCEAN 207
BDE BAUDETTE MINNESOTA USA 63
BDF BRADFORD ILLINOIS USA 41
BDG BLANDING UTAH USA 87
BDL HARTFORD CT SPRINGFIELD MA USA 11
BDR BRIDGEPORT CONNECTICUT USA 11
BDX BROADUS MONTANA USA 84
BDY BANDON OREGON USA 92
BED BEDFORD MASSACHUSETTS USA 13
BEH BENTON HARBOR MICHIGAN USA 43
BET BETHEL ALASKA USA 1
BFB BLUE FOX BAY ALASKA USA 1
BFD BRADFORD PENNSYLVANIA USA 23
BFF SCOTTSBLUFF NEBRASKA USA 65
BFG BULLFROG BASIN UTAH USA 87
BFI SEATTLE WASHINGTON USA 93
BFK DENVER COLORADO USA 82
BFL BAKERSFIELD CALIFORNIA USA 91
BFM MOBILE ALABAMA USA 51
BFP TRENTON NEW JERSEY USA 23
BFT BEAUFORT SOUTH CAROLINA USA 37
BGD BORGER TEXAS USA 74
BGM BINGHAMTON NEW YORK USA 22
BGQ BIG LAKE ALASKA USA 1
BGR BANGOR MAINE USA 12
BGS BIG SPRING TEXAS USA 74
BGT BAGDAD ARIZONA USA 81
BHB BAR HARBOR MAINE USA 12
BHM BIRMINGHAM ALABAMA USA 51
BID BLOCK ISLAND RHODE ISLAND USA 15
BIE BEATRICE NEBRASKA USA 65
BIF EL PASO TEXAS USA 74
BIG BIG DELTA ALASKA USA 1
BIH BISHOP CALIFORNIA USA 91
BII BIKINI ATOLL MARSHALL ISLANDS 844
BIL BILLINGS MONTANA USA 84
BIS BISMARCK NORTH DAKOTA USA 66
BIX BILOXI MISSISSIPPI USA 53
BJI BEMIDJI MINNESOTA USA 63
BJJ WOOSTER OHIO USA 44
BKD BRECKENRIDGE TEXAS USA 74
BKE BAKER OREGON USA 92
BKF BROOKS LAKE ALASKA USA 1
BKH KEKAHA KAUAI HAWAII USA 2
BKL CLEVELAND OHIO USA 44
BKT BLACKSTONE VIRGINIA USA 38
BKX BROOKINGS SOUTH DAKOTA USA 67
BLF PRINCETON BLUEFIELD WV USA 39
BLH BLYTHE CALIFORNIA USA 91
BLI BELLINGHAM WASHINGTON USA 93
BLM BELMAR NEW JERSEY USA 21
BLV BELLEVILLE ILLINOIS USA 41
BLW WAIMANALO OAHU HAWAII USA 2
BMI BLOOMINGTON ILLINOIS USA 41
BML BERLIN NEW HAMPSHIRE USA 14
BMX BIG MOUNTAIN ALASKA USA 1
BNA NASHVILLE TENNESSEE USA 54
BNF BARANOF ALASKA USA 1
BNG BANNING CALIFORNIA USA 91
BNL BARNWELL SOUTH CAROLINA USA 37
BNO BURNS OREGON USA 92
BNW BOONE IOWA USA 61
BOI BOISE IDAHO USA 83
BOK BROOKINGS OREGON USA 92
BOS BOSTON MASSACHUSETTS USA 13
BOW BARTOW FLORIDA USA 33
BPA BETHPAGE NEW YORK USA 22
BPI BIG PINEY WYOMING USA 88
BPT BEAUMONT PORT ARTHUR TEXAS USA 74
BQN AGUADILLA PUERTO RICO 3
BQV GUSTAVUS ALASKA USA 1
BRD BRAINERD MINNESOTA USA 63
BRG WHITESBURG KENTUCKY USA 52
BRL BURLINGTON IOWA USA 61
BRO BROWNSVILLE TEXAS USA 74
BRW BARROW ALASKA USA 1
BRY BARDSTOWN KENTUCKY USA 52
BSI BLAIRSVILLE PENNSYLVANIA USA 23
BSQ BISBEE ARIZONA USA 81
BSW BOSWELL BAY ALASKA USA 1
BSZ BARTLETTS ALASKA USA 1
BTF BOUNTIFUL UTAH USA 87
BTI BARTER ISLAND ALASKA USA 1
BTL BATTLE CREEK MICHIGAN USA 43
BTM BUTTE MONTANA USA 84
BTN BENNETTSVILLE SOUTH CAROLINA USA 37
BTP BUTLER PENNSYLVANIA USA 23
BTR BATON ROUGE LOUISIANA USA 72
BTT BETTLES ALASKA USA 1
BTV BURLINGTON VERMONT USA 16
BTY BEATTY NEVADA USA 85
BUB BURWELL NEBRASKA USA 65
BUF BUFFALO NEW YORK USA 22
BUM BUTLER MISSOURI USA 64
BUR BURBANK CALIFORNIA USA 91
BVD BEAVER INLET ALASKA USA 1
BVO BARTLESVILLE OKLAHOMA USA 73
BVU BELUGA ALASKA USA 1
BVX BATESVILLE ARKANSAS USA 71
BVY BEVERLY MASSACHUSETTS USA 13
BWD BROWNWOOD TEXAS USA 74
BWI BALTIMORE MARYLAND USA 35
BWL BLACKWELL OKLAHOMA USA 73
BWM BOWMAN NORTH DAKOTA USA 66
BWS BLAINE WASHINGTON USA 93
BXA BOGALUSA LOUISIANA USA 72
BXS BORREGO SPRINGS CALIFORNIA USA 91
BYA BOUNDARY ALASKA USA 1
BYG BUFFALO WYOMING USA 88
BYH BLYTHEVILLE ARKANSAS USA 71
BYI BURLEY IDAHO USA 83
BYW BLAKELY ISLAND WASHINGTON USA 93
BZN BOZEMAN MONTANA USA 84
BZT BRAZORIA TEXAS USA 74
CAD CADILLAC MICHIGAN USA 43
CAE COLUMBIA SOUTH CAROLINA USA 37
CAK AKRON CANTON OHIO USA 44
CAR CARIBOU MAINE USA 12
CBA CORNER BAY ALASKA USA 1
CBE CUMBERLAND MARYLAND USA 35
CBF COUNCIL BLUFFS IOWA USA 61
CBJ CABO ROJO DOMINICAN REP. 224
CBK COLBY KANSAS USA 62
CBM COLUMBUS MISSISSIPPI USA 53
CBZ CABIN CREEK ALASKA USA 1
CCB UPLAND CALIFORNIA USA 91
CCG CRANE TEXAS USA 74
CCK COCOS-KEELING IS. IND. OCEAN 812
CCR CONCORD CALIFORNIA USA 91
CCY CHARLES CITY IOWA USA 61
CDB COLD BAY ALASKA USA 1
CDC CEDAR CITY UTAH USA 87
CDH CAMDEN ARKANSAS USA 71
CDK CEDAR KEY FLORIDA USA 33
CDL CANDLE ALASKA USA 1
CDN CAMDEN SOUTH CAROLINA USA 37
CDS CHILDRESS TEXAS USA 74
CDV CORDOVA ALASKA USA 1
CDW CALDWELL NEW JERSEY USA 21
CEC CRESCENT CITY CALIFORNIA USA 91
CEF CHICOPEE MASSACHUSETTS USA 13
CEM CENTRAL ALASKA USA 1
CEU CLEMSON SOUTH CAROLINA USA 37
CEW CRESTVIEW FLORIDA USA 33
CEX CHENA HOT SPGS ALASKA USA 1
CEY MURRAY KENTUCKY USA 52
CEZ CORTEZ COLORADO USA 82
CFA COFFEE POINT ALASKA USA 1
CFT CLIFTON ARIZONA USA 81
CGA CRAIG ALASKA USA 1
CGE CAMBRIDGE MARYLAND USA 35
CGF CLEVELAND OHIO USA 44
CGI CAPE GIRARDEAU MISSOURI USA 64
CGS COLLEGE PARK MARYLAND USA 35
CGX CHICAGO ILLINOIS USA 41
CGZ CASA GRANDE ARIZONA USA 81
CHA CHATTANOOGA TENNESSEE USA 54
CHD CHANDLER ARIZONA USA 81
CHI CHICAGO ILLINOIS USA 41
CHK CHICKASHA OKLAHOMA USA 73
CHL CHALLIS IDAHO USA 83
CHO CHARLOTTESVILLE VIRGINIA USA 38
CHP CIRCLE HOT SPRINGS ALASKA USA 1
CHS CHARLESTON SOUTH CAROLINA USA 37
CHU CHUATHBALUK ALASKA USA 1
CHZ CHILOQUIN OREGON USA 92
CIB CATALINA ISLAND CALIFORNIA USA 91
CIC CHICO CALIFORNIA USA 91
CID CEDAR RAPIDS IOWA CITY IOWA USA 61
CIG CRAIG COLORADO USA 82
CIK CHALKYITSIK ALASKA USA 1
CIL COUNCIL ALASKA USA 1
CIN CARROLL IOWA USA 61
CIR CAIRO ILLINOIS USA 41
CIU SAULT STE. MARIE MICHIGAN USA 43
CIV CHOMLEY ALASKA USA 1
CJN EL CAJON CALIFORNIA USA 91
CKB CLARKSBURG WEST VIRGINIA USA 39
CKD CROOKED CREEK ALASKA USA 1
CKE CLEAR LAKE CALIFORNIA USA 91
CKK CHEROKEE ARKANSAS USA 71
CKM CLARKSDALE MISSISSIPPI USA 53
CKN CROOKSTON MINNESOTA USA 63
CKR CRANE ISLAND WASHINGTON USA 93
CKV CLARKSVILLE TENNESSEE USA 54
CKX CHICKEN ALASKA USA 1
CLC CLEAR LAKE CITY TEXAS USA 74
CLD CARLSBAD CALIFORNIA USA 91
CLE CLEVELAND OHIO USA 44
CLG COALINGA CALIFORNIA USA 91
CLK CLINTON OKLAHOMA USA 73
CLL COLLEGE STATION TEXAS USA 74
CLM PORT ANGELES WASHINGTON USA 93
CLP CLARKS POINT ALASKA USA 1
CLR CALIPATRIA CALIFORNIA USA 91
CLS CHEHALIS WASHINGTON USA 93
CLT CHARLOTTE NORTH CAROLINA USA 36
CMH COLUMBUS OHIO USA 44
CMI CHAMPAIGN ILLINOIS USA 41
CMX HANCOCK MICHIGAN USA 43
CMY SPARTA WISCONSIN USA 45
CNE CANON CITY COLORADO USA 82
CNH CLAREMONT NEW HAMPSHIRE USA 14
CNK CONCORDIA KANSAS USA 62
CNO CHINO CALIFORNIA USA 91
CNU CHANUTE KANSAS USA 62
CNW WACO TEXAS USA 74
CNY MOAB UTAH USA 87
COA COLUMBIA CALIFORNIA USA 91
COD LOVELL CODY WYOMING USA 88
COE COEUR D'ALENE IDAHO USA 83
COF COCOA BEACH FLORIDA USA 33
COI COCOA FLORIDA USA 33
COM COLEMAN TEXAS USA 74
CON CONCORD NEW HAMPSHIRE USA 14
COS COLORADO SPRINGS COLORADO USA 82
COT COTULLA TEXAS USA 74
COU COLUMBIA MISSOURI USA 64
COZ CONSTANZA DOMINICAN REP. 224
CPM COMPTON CALIFORNIA USA 91
CPR CASPER WYOMING USA 88
CPS ST. LOUIS MISSOURI USA 64
CPX CULEBRA PUERTO RICO 3
CRE MYRTLE BEACH SOUTH CAROLINA USA 37
CRG JACKSONVILLE FLORIDA USA 33
CRO CORCORAN CALIFORNIA USA 91
CRP CORPUS CHRISTI TEXAS USA 74
CRS CORSICANA TEXAS USA 74
CRT CROSSETT ARKANSAS USA 71
CRW CHARLESTON WEST VIRGINIA USA 39
CRX CORINTH MISSISSIPPI USA 53
CSE CRESTED BUTTE COLORADO USA 82
CSH CAPE SARICHEF ALASKA USA 1
CSM CLINTON OKLAHOMA USA 73
CSN CARSON CITY NEVADA USA 85
CSQ CRESTON IOWA USA 61
CSV CROSSVILLE TENNESSEE USA 54
CTB CUT BANK MONTANA USA 84
CTH COATESVILLE PENNSYLVANIA USA 23
CTK CANTON SOUTH DAKOTA USA 67
CTO CALVERTON NEW YORK USA 22
CTW COTTONWOOD ARIZONA USA 81
CTX CORTLAND NEW YORK USA 22
CTY CROSS CITY FLORIDA USA 33
CTZ CLINTON NORTH CAROLINA USA 36
CUB COLUMBIA SOUTH CAROLINA USA 37
CUH CUSHING OKLAHOMA USA 73
CUW CUBE COVE ALASKA USA 1
CVG CINCINNATI OHIO USA 44
CVO CORVALLIS OREGON USA 92
CVR CULVER CITY CALIFORNIA USA 91
CWA WAUSAU WISCONSIN USA 45
CWI CLINTON IOWA USA 61
CWS CENTER ISLAND WASHINGTON USA 93
CXC CHITINA ALASKA USA 1
CXF COLDFOOT ALASKA USA 1
CXL CALEXICO CALIFORNIA USA 91
CXO CONROE TEXAS USA 74
CYE CRYSTAL LAKE PENNSYLVANIA USA 23
CYF CHEFORNAK ALASKA USA 1
CYM CHATHAM ALASKA USA 1
CYS CHEYENNE WYOMING USA 88
CYT CAPE YAKATAGA ALASKA USA 1
CZC COPPER CENTRE ALASKA USA 1
CZK CASCADE LOCKS OREGON USA 92
CZN CHISANA ALASKA USA 1
CZO CHISTOCHINA ALASKA USA 1
CZP CAPE POLE ALASKA USA 1
CZT CARRIZO SPRINGS TEXAS USA 74
DAB DAYTONA BEACH FLORIDA USA 33
DAG DAGGETT CALIFORNIA USA 91
DAL DALLAS FT.WORTH TEXAS USA 74
DAN DANVILLE VIRGINIA USA 38
DAY DAYTON OHIO USA 44
DBQ DUBUQUE IOWA USA 61
DBS DUBOIS IDAHO USA 83
DCA WASHINGTON D.C. USA 32
DCK DAHL CREEK ALASKA USA 1
DCU DECATUR ALABAMA USA 51
DDC DODGE CITY KANSAS USA 62
DDP DORADO P.R. 3
DEC DECATUR ILLINOIS USA 41
DEH DECORAH IOWA USA 61
DEI DENIS IS. SEYCHELLES IS. IND. OCE 570
DEN DENVER COLORADO USA 82
DEO DEARBORN MICHIGAN USA 43
DES DESROCHES SEYCHELLES IS. IND. OC. 570
DET DETROIT MICHIGAN USA 43
DFB DRIFTWOOD BAY ALASKA USA 1
DFI DEFIANCE OHIO USA 44
DFW DALLAS FT.WORTH TEXAS USA 74
DGB DANGER BAY ALASKA USA 1
DGL DOUGLAS ARIZONA USA 81
DGW DOUGLAS WYOMING USA 88
DHN DOTHAN ALABAMA USA 51
DHT DALHART TEXAS USA 74
DIE DIEGO SUAREZ DEM. REP. MADAG. 541
DIK DICKINSON NORTH DAKOTA USA 66
DIN DIEN-BIEN-PHU SOC. REP. OF VIET NA 791
DIO DIOMEDE ISLAND ALASKA USA 1
DJN DELTA JUNCTION ALASKA USA 1
DKK DUNKIRK NEW YORK USA 22
DLF DEL RIO TEXAS USA 74
DLG DILLINGHAM ALASKA USA 1
DLH DULUTH MINNESOTA USA 63
DLL DILLON SOUTH CAROLINA USA 37
DLN DILLON MONTANA USA 84
DLO DOLOMITE ALASKA USA 1
DLS THE DALLES OREGON USA 92
DMA TUCSON ARIZONA USA 81
DMO SEDALIA MISSOURI USA 64
DNS DENISON IOWA USA 61
DNV DANVILLE ILLINOIS USA 41
DOF DORA BAY ALASKA USA 1
DOV DOVER DELAWARE USA 31
DPA CHICAGO ILLINOIS USA 41
DPG DUGWAY UTAH USA 87
DPK DEER PARK NEW YORK USA 22
DRA MERCURY NEVADA USA 85
DRE DRUMMOND ISLAND MICHIGAN USA 43
DRF DRIFT RIVER ALASKA USA 1
DRG DEERING ALASKA USA 1
DRO DURANGO COLORADO USA 82
DRT DEL RIO TEXAS USA 74
DRU DRUMMOND MONTANA USA 84
DSI DESTIN FLORIDA USA 33
DSM DES MOINES IOWA USA 61
DSV DANSVILLE NEW YORK USA 22
DTA DELTA UTAH USA 87
DTH DEATH VALLEY CALIFORNIA USA 91
DTL DETROIT LAKES MINNESOTA USA 63
DTR DECATUR ISLAND WASHINGTON USA 93
DTT DETROIT MICHIGAN USA 43
DTW DETROIT MICHIGAN USA 43
DUA DURANT OKLAHOMA USA 73
DUC DUNCAN OKLAHOMA USA 73
DUF DUCK NORTH CAROLINA USA 36
DUG DOUGLAS ARIZONA USA 81
DUJ DU BOIS PENNSYLVANIA USA 23
DUT DUTCH HARBOR ALASKA USA 1
DVL DEVILS LAKE NORTH DAKOTA USA 66
DVN DAVENPORT IOWA USA 61
DVT PHOENIX ARIZONA USA 81
DVX DOVER DELAWARE USA 31
DXR DANBURY CONNECTICUT USA 11
DYL DOYLESTOWN PENNSYLVANIA USA 23
DYS ABILENE TEXAS USA 74
EAA EAGLE ALASKA USA 1
EAN WHEATLAND WYOMING USA 88
EAR KEARNEY NEBRASKA USA 65
EAT WENATCHEE WASHINGTON USA 93
EAU EAU CLAIRE WISCONSIN USA 45
EBN EBADON MARSHALL ISLANDS 844
EBO EBON MARSHALL ISLANDS 844
EBS WEBSTER CITY IOWA USA 61
ECA EAST TAWAS MICHIGAN USA 43
ECG ELIZABETH CITY NORTH CAROLINA USA 36
ECS NEWCASTLE WYOMING USA 88
EDA EDNA BAY ALASKA USA 1
EDE EDENTON NORTH CAROLINA USA 36
EDF ANCHORAGE ALASKA USA 1
EDK EL DORADO KANSAS USA 62
EDW EDWARDS CALIFORNIA USA 91
EED NEEDLES CALIFORNIA USA 91
EEK EEK ALASKA USA 1
EEN KEENE NEW HAMPSHIRE USA 14
EFB EIGHT FATHOM BIGHT ALASKA USA 1
EFD HOUSTON TEXAS USA 74
EFK NEWPORT VERMONT USA 16
EFW JEFFERSON IOWA USA 61
EGE EAGLE COLORADO USA 82
EGI VALPARAISO FLORIDA USA 33
EGP EAGLE PASS TEXAS USA 74
EGV EAGLE RIVER WISCONSIN USA 45
EGX EGEGIK ALASKA USA 1
EHM CAPE NEWENHAM ALASKA USA 1
EHT EAST HARTFORD CONNECTICUT USA 11
EIL FAIRBANKS ALASKA USA 1
EIS TORTOLA BRITISH VIRGIN IS. 282
EKA EUREKA ARCATA CALIFORNIA USA 91
EKN ELKINS WEST VIRGINIA USA 39
EKO ELKO NEVADA USA 85
EKX ELIZABETHTOWN FT. KNOX KY USA 52
ELA EAGLE LAKE TEXAS USA 74
ELD EL DORADO ARKANSAS USA 71
ELI ELIM ALASKA USA 1
ELK ELK CITY OKLAHOMA USA 44
ELM ELMIRA NEW YORK USA 22
ELN ELLENSBURG WASHINGTON USA 93
ELP EL PASO TEXAS USA 74
ELV ELFIN COVE ALASKA USA 1
ELW ELLAMAR ALASKA USA 1
ELY ELY NEVADA USA 85
ELZ WELLSVILLE NEW YORK USA 22
EMK EMMONAK ALASKA USA 1
EMM KEMMERER WYOMING USA 88
EMP EMPORIA KANSAS USA 62
EMT EL MONTE CALIFORNIA USA 91
ENA KENAI ALASKA USA 1
END ENID OKLAHOMA USA 73
ENL CENTRALIA ILLINOIS USA 41
ENN NENANA ALASKA USA 1
ENT ENIWETOK MARSHALL ISLANDS 844
ENV WENDOVER UTAH USA 87
ENW KENOSHA WISCONSIN USA 45
EOK KEOKUK IOWA USA 61
EOS NEOSHO MISSOURI USA 64
EPG WEEPING WATER NEBRASKA USA 65
EPH EPHRATA WASHINGTON USA 93
ERI ERIE PENNSYLVANIA USA 23
ERR ERROL NEW HAMPSHIRE USA 14
ERV KERRVILLE TEXAS USA 74
ESC ESCANABA MICHIGAN USA 43
ESD EASTSOUND WASHINGTON USA 93
ESF ALEXANDRIA LOUISIANA USA 72
ESN EASTON MARYLAND USA 35
ESP EAST STROUDSBURG PENNSYLVANIA USA 23
EST ESTHERVILLE IOWA USA 61
ESW EASTON WASHINGTON USA 93
ETB WEST BEND WISCONSIN USA 45
ETN EASTLAND TEXAS USA 74
ETS ENTERPRISE ALABAMA USA 51
EUE EUREKA NEVADA USA 85
EUF EUFAULA ALABAMA USA 51
EUG EUGENE OREGON USA 92
EVA EVADALE TEXAS USA 74
EVM EVELETH MINNESOTA USA 63
EVW EVANSTON WYOMING USA 88
EWB NEW BEDFORD MASSACHUSETTS USA 13
EWK NEWTON KANSAS USA 62
EWN NEW BERN NORTH CAROLINA USA 36
EWR NEWARK NEW JERSEY USA 22
EXI EXCURSION INLET ALASKA USA 1
EYR YERINGTON NEVADA USA 85
EYW KEY WEST FLORIDA USA 33
FAI FAIRBANKS ALASKA USA 1
FAJ FAJARDO PUERTO RICO 3
FAK FALSE ISLAND ALASKA USA 1
FAL ROMA TEXAS USA 74
FAM FARMINGTON MISSOURI USA 64
FAR FARGO NORTH DAKOTA USA 66
FAT FRESNO CALIFORNIA USA 91
FAY FAYETTEVILLE NORTH CAROLINA USA 36
FBK FAIRBANKS ALASKA USA 1
FBL FARIBAULT MINNESOTA USA 63
FBR FORT BRIDGER WYOMING USA 88
FBY FAIRBURY NEBRASKA USA 65
FCA KALISPELL MONTANA USA 84
FCH FRESNO CALIFORNIA USA 91
FCM MINNEAPOLIS ST. PAUL MN-CLOUD USA 63
FCY FORREST CITY ARKANSAS USA 71
FDK FREDERICK MARYLAND USA 35
FDR FREDERICK OKLAHOMA USA 73
FDY FINDLAY OHIO USA 44
FEP FREEPORT ILLINOIS USA 41
FET FREMONT NEBRASKA USA 65
FEW CHEYENNE WYOMING USA 88
FFA KILL DEVIL HILLS NC USA 36
FFL FAIRFIELD IOWA USA 61
FFM FERGUS FALLS MINNESOTA USA 63
FFO DAYTON OHIO USA 44
FFT FRANKFORT KENTUCKY USA 52
FHU FT. HUACHUCA ARIZONA USA 81
FIC FIRE COVE ALASKA USA 1
FID FISHERS ISLAND NEW YORK USA 22
FIL FILLMORE UTAH USA 87
FIV FIVE FINGER ALASKA USA 1
FKL OIL CITY FRANKLIN PA USA 23
FKN FRANKLIN VIRGINIA USA 38
FLD FOND DU LAC WISCONSIN USA 45
FLG FLAGSTAFF ARIZONA USA 81
FLJ FALLS BAY ALASKA USA 1
FLL FT. LAUDERDALE FLORIDA USA 33
FLO FLORENCE SOUTH CAROLINA USA 37
FLP FLIPPIN ARKANSAS USA 71
FLT FLAT ALASKA USA 1
FLX FALLON NEVADA USA 85
FMC FIVE MILE ALASKA USA 1
FMH FALMOUTH MASSACHUSETTS USA 13
FMS FT. MADISON IOWA USA 61
FMY FT. MYERS FLORIDA USA 33
FNK FIN CREEK ALASKA USA 1
FNL FORT COLLINS LOVELAND CO USA 82
FNR FUNTER BAY ALASKA USA 1
FNT FLINT MICHIGAN USA 43
FOB FORT BRAGG CALIFORNIA USA 91
FOD FT. DODGE IOWA USA 61
FOE TOPEKA KANSAS USA 62
FOK WESTHAMPTON NEW YORK USA 22
FOX FOX ALASKA USA 1
FPR FT. PIERCE FLORIDA USA 33
FPY PERRY FLORIDA USA 33
FRD FRIDAY HARBOR WASHINGTON USA 93
FRG FARMINGDALE NEW YORK USA 22
FRM FAIRMONT MINNESOTA USA 63
FRP FRESH WATER BAY ALASKA USA 1
FRR FRONT ROYAL VIRGINIA USA 38
FRY FRYEBURG MAINE USA 12
FSD SIOUX FALLS SOUTH DAKOTA USA 67
FSI FORT SILL OKLAHOMA USA 73
FSK FT. SCOTT KANSAS USA 62
FSM FT. SMITH ARKANSAS USA 71
FST FT. STOCKTON TEXAS USA 74
FTL FORTUNA LEDGE ALASKA USA 1
FTW DALLAS FT.WORTH TEXAS USA 74
FUL FULLERTON CALIFORNIA USA 91
FVD SONORA TEXAS USA 74
FVE FALLBROOK CALIFORNIA USA 91
FWH DALLAS FT.WORTH TEXAS USA 74
FWL FAREWELL ALASKA USA 1
FXE FT. LAUDERDALE FLORIDA USA 33
FXM FLAXMAN ISLAND ALASKA USA 1
FXY FOREST CITY IOWA USA 61
FYM FAYETTEVILLE TENNESSEE USA 54
FYU FT. YUKON ALASKA USA 1
FYV FAYETTEVILLE ARKANSAS USA 71
GAB GABBS NEVADA USA 85
GAD GADSDEN ALABAMA USA 51
GAG GAGE OKLAHOMA USA 73
GAI GAITHERSBURG MARYLAND USA 35
GAK GAKONA ALASKA USA 1
GAL GALENA ALASKA USA 1
GAM GAMBELL ALASKA USA 1
GBD GREAT BEND KANSAS USA 62
GBG GALESBURG ILLINOIS USA 41
GBH GALBRAITH LAKE ALASKA USA 1
GBO BALTIMORE MARYLAND USA 35
GBR GREAT BARRINGTON MA USA 13
GCC GILLETTE WYOMING USA 88
GCK GARDEN CITY KANSAS USA 62
GCN GRAND CANYON ARIZONA USA 81
GCY GREENVILLE TENNESSEE USA 54
GDC GREENVILLE SPARTANBURG SC USA 37
GDH GOLDEN HORN ALASKA 1
GDM GARDNER MASSACHUSETTS USA 13
GDV GLENDIVE MONTANA USA 84
GDW GLADWIN MICHIGAN USA 43
GED GEORGETOWN DELAWARE USA 31
GEG SPOKANE WASHINGTON USA 93
GEK GANES CREEK ALASKA USA 1
GEY GREYBULL WYOMING USA 88
GFA GREAT FALLS MONTANA USA 84
GFB TOGIAK FISH ALASKA USA 1
GFK GRAND FORKS NORTH DAKOTA USA 66
GFL GLENS FALLS NEW YORK USA 22
GGE GEORGETOWN SOUTH CAROLINA USA 37
GGG LONGVIEW TEXAS USA 74
GGW GLASGOW MONTANA USA 84
GHM CENTERVILLE TENNESSEE USA 54
GIB GIBRALTAR GIBRALTAR 431
GIF WINTER HAVEN FLORIDA USA 33
GIG RIO DE JANEIRO BRA. 316
GJT GRAND JUNCTION COLORADO USA 82
GKN GULKANA ALASKA USA 1
GKT GATLINBURG TENNESSEE USA 54
GLD GOODLAND KANSAS USA 62
GLE GAINESVILLE TEXAS USA 74
GLH GREENVILLE MISSISSIPPI USA 53
GLQ GLENNALLEN ALASKA USA 1
GLR GAYLORD MICHIGAN USA 43
GLS GALVESTON TEXAS USA 74
GLV GOLOVIN ALASKA USA 1
GLW GLASGOW KENTUCKY USA 52
GMT GRANITE MOUNTAIN ALASKA USA 1
GMU GREENVILLE SPARTANBURG SC USA 37
GMV MONUMENT VALLEY GOULDINGS UTAH US 87
GNG GOODING IDAHO USA 83
GNU GOODNEWS BAY ALASKA USA 1
GNV GAINESVILLE FLORIDA USA 33
GNY GRANBY COLORADO USA 82
GOK GUTHRIE OKLAHOMA USA 73
GOL GOLD BEACH OREGON USA 92
GON NEW LONDON CONNECTICUT USA 11
GPT GULFPORT BILOXI MISSISSIPPI USA 53
GPZ GRAND RAPIDS MINNESOTA USA 63
GQQ GALION OHIO USA 44
GRB GREEN BAY WISCONSIN USA 45
GRD GREENWOOD SOUTH CAROLINA USA 37
GRE GREENVILLE ILLINOIS USA 41
GRF FORT LEWIS WASHINGTON USA 93
GRI GRAND ISLAND NEBRASKA USA 65
GRK KILLEEN TEXAS USA 74
GRM GRAND MARAIS MINNESOTA USA 63
GRN GORDON NEBRASKA USA 65
GRR GRAND RAPIDS MICHIGAN USA 43
GSB GOLDSBORO NORTH CAROLINA USA 36
GSO GREENSBORO HIGH POINT NC USA 36
GSP GREENVILLE SPARTANBURG SC USA 37
GST GUSTAVUS ALASKA USA 1
GTF GREAT FALLS MONTANA USA 84
GTG GRANTSBURG WISCONSIN USA 45
GTR COLUMBUS MISSISSIPPI USA 53
GTY GETTYSBURG PENNSYLVANIA USA 23
GUC GUNNISON COLORADO USA 82
GUF GULF SHORES ALABAMA USA 51
GUY GUYMON OKLAHOMA USA 73
GVE GORDONSVILLE VIRGINIA USA 38
GVT GREENVILLE TEXAS USA 74
GVW GRANDVIEW MISSOURI USA 64
GWO GREENWOOD MISSISSIPPI USA 53
GWS GLENWOOD SPRINGS COLORADO USA 82
GXH MILDENHALL UK--NAF 493
GXY GREELEY COLORADO USA 82
GYR GOODYEAR ARIZONA USA 81
HAB HAMILTON ALABAMA USA 51
HAE HAVASUPAI ARIZONA USA 81
HAF HALF MOON CALIFORNIA USA 91
HAO HAMILTON OHIO USA 44
HAR HARRISBURG PENNSYLVANIA USA 23
HAW HAVERFORDWEST WALES UK 493
HAY HAYCOCK ALASKA USA 1
HBC HANUS BAY ALASKA USA 1
HBH HOBART BAY ALASKA USA 1
HBK HINCHINBROOK ALASKA USA 1
HBO HUMBOLDT NEBRASKA USA 65
HBR HOBART OKLAHOMA USA 73
HCA BIG SPRING TEXAS USA 74
HCB SHOAL COVE ALASKA USA 1
HCC HUDSON NEW YORK USA 22
HCR HOLY CROSS ALASKA USA 1
HCW CHERAW SOUTH CAROLINA USA 37
HDA HIDDEN FALLS ALASKA USA 1
HDE HOLDREGE NEBRASKA USA 65
HDN STEAMBOAT SPRINGS COLORADO USA 82
HED HERENDEEN ALASKA USA 1
HEE HELENA ARKANSAS USA 71
HES HERMISTON OREGON USA 92
HEZ NATCHEZ MISSISSIPPI USA 53
HFD HARTFORD CT SPRINGFIELD MA USA 11
HFF HOFFMAN NORTH CAROLINA USA 36
HGR HAGERSTOWN MARYLAND USA 35
HGZ HOGATZA ALASKA USA 1
HHH HILTON HEAD ISLAND SC USA 37
HHR HAWTHORNE CALIFORNIA USA 91
HIB CHISHOLM HIBBING MINNESOTA USA 63
HIE WHITEFIELD NEW HAMPSHIRE USA 14
HIF OGDEN UTAH USA 87
HII LAKE HAVASU CITY ARIZONA USA 81
HIK HONOLULU HAWAII USA 2
HIO HILLSBORO OREGON USA 92
HKA BLYTHEVILLE ARKANSAS USA 71
HKB HEALY LAKE ALASKA USA 1
HKP KAANAPALI MAUI HAWAII USA 2
HKS JACKSON MISSISSIPPI USA 53
HKY HICKORY NORTH CAROLINA USA 36
HLC HILL CITY KANSAS USA 62
HLG WHEELING WEST VIRGINIA USA 39
HLI HOLLISTER CALIFORNIA USA 91
HLM HOLLAND MICHIGAN USA 43
HLN HELENA MONTANA USA 84
HLY HOLYHEAD WALES UK 493
HMS HOMESHORE ALASKA USA 1
HMT HEMET CALIFORNIA USA 91
HNC HATTERAS NORTH CAROLINA USA 36
HNE TAHNETA PASS LODGE ALASKA USA 1
HNH HOONAH ALASKA USA 1
HNL HONOLULU OAHU HAWAII USA 2
HNM HANA MAUI HAWAII USA 2
HNS HAINES ALASKA USA 1
HNX HANNA WYOMING USA 88
HOL HOLIKACHUK ALASKA USA 1
HOM HOMER ALASKA USA 1
HON HURON SOUTH DAKOTA USA 67
HOP HOPKINSVILLE KENTUCKY USA 52
HOT HOT SPRINGS ARKANSAS USA 71
HOU HOUSTON TEXAS USA 74
HPB HOOPER BAY ALASKA USA 1
HPN WHITE PLAINS NEW YORK USA 22
HPT HAMPTON IOWA USA 61
HPV HANALEI KAUAI HAWAII USA 2
HPY BAYTOWN TEXAS USA 74
HQM HOQUIAM ABERDEEN WASHINGTON USA 93
HRL HARLINGEN TEXAS USA 74
HRO HARRISON ARKANSAS USA 71
HSB HARRISBURG ILLINOIS USA 41
HSH LAS VEGAS NEVADA USA 85
HSI HASTINGS NEBRASKA USA 65
HSL HUSLIA ALASKA USA 1
HSP HOT SPRINGS VIRGINIA USA 38
HST HOMESTEAD FLORIDA USA 33
HSV HUNTSVILLE DECATUR ALABAMA USA 51
HTH HAWTHORNE NEVADA USA 85
HTO EAST HAMPTON NEW YORK USA 22
HTS ASHLAND KY HUNTINGTON WV USA 39
HTV HUNTSVILLE TEXAS USA 74
HTW CHESAPEAKE OHIO USA 44
HUA HUNTSVILLE ALABAMA USA 51
HUC HUMACAO PUERTO RICO 3
HUD HUMBOLDT IOWA USA 61
HUJ HUGO OKLAHOMA USA 73
HUL HOULTON MAINE USA 12
HUM HOUMA LOUISIANA USA 72
HUS HUGHES ALASKA USA 1
HUT HUTCHINSON KANSAS USA 62
HVE HANKSVILLE UTAH USA 87
HVN NEW HAVEN CONNECTICUT USA 11
HVR HAVRE MONTANA USA 84
HVS HARTSVILLE SOUTH CAROLINA USA 37
HWD HAYWARD CALIFORNIA USA 91
HWI HAWK INLET ALASKA USA 1
HYA HYANNIS MASSACHUSETTS USA 13
HYG HYDABURG ALASKA USA 1
HYL HOLLIS ALASKA USA 1
HYR HAYWARD WISCONSIN USA 45
HYS HAYS KANSAS USA 62
HZL HAZLETON PENNSYLVANIA USA 23
IAB WICHITA KANSAS USA 62
IAD WASHINGTON D.C. USA 32
IAG NIAGARA FALLS NEW YORK USA 22
IAH HOUSTON TEXAS USA 74
IAN KIANA ALASKA USA 1
ICL CLARINDA IOWA USA 61
ICT WICHITA KANSAS USA 62
ICY ICY BAY ALASKA USA 1
IDA IDAHO FALLS IDAHO USA 83
IDG IDA GROVE IOWA USA 61
IFA IOWA FALLS IOWA USA 61
IFP BULLHEAD CITY AZ LAUGHLIN NV USA 81
IGG IGIUGIG ALASKA USA 1
IGM KINGMAN ARIZONA USA 81
IJX JACKSONVILLE ILLINOIS USA 41
IKB WILKESBORO NORTH CAROLINA USA 36
IKK KANKAKEE ILLINOIS USA 41
IKO NIKOLSKI ALASKA USA 1
ILE KILLEEN TEXAS USA 74
ILG PHILADELPHIA PA WILMINGTON DE USA 31
ILI ILIAMNA ALASKA USA 1
ILL WILLMAR MINNESOTA USA 63
ILM WILMINGTON NORTH CAROLINA USA 36
ILN WILMINGTON OHIO USA 44
IMI INE MARSHALL ISLANDS 844
IML IMPERIAL NEBRASKA USA 65
IMM IMMOKALEE FLORIDA USA 33
IMT IRON MOUNTAIN MICHIGAN USA 43
INK WINK TEXAS USA 74
INL INTERNATIONAL FALLS MINNESOTA USA 63
INT WINSTON-SALEM NORTH CAROLINA USA 36
INU NAURU REP. OF NAURU 845
INW WINSLOW ARIZONA USA 81
IOW IOWA CITY IOWA USA 61
IPL EL CENTRO CALIFORNIA USA 91
IPT WILLIAMSPORT PENNSYLVANIA USA 23
IRB IRAAN TEXAS USA 74
IRC CIRCLE ALASKA USA 1
IRK KIRKSVILLE MISSOURI USA 64
IRS STURGIS MICHIGAN USA 43
ISL ISABEL PASS ALASKA USA 1
ISM KISSIMMEE FLORIDA USA 33
ISN WILLISTON NORTH DAKOTA USA 66
ISO KINSTON NORTH CAROLINA USA 36
ISP ISLIP LONG ISLAND NEW YORK USA 22
ISQ MANISTIQUE MICHIGAN USA 43
ISS WISCASSET MAINE USA 12
ISW WISCONSIN RAPIDS WISCONSIN USA 45
ITH ITHACA NEW YORK USA 22
ITO HILO HAWAII USA 2
IVH IVISHAK ALASKA USA 1
IWD IRONWOOD MICHIGAN USA 43
IWS HOUSTON TEXAS USA 74
IYK INYOKERN CALIFORNIA USA 91
JAC JACKSON WYOMING USA 88
JAN JACKSON VICKSBURG MISSISSIPPI USA 53
JAR ARCADIA CALIFORNIA USA 91
JAS JASPER TEXAS USA 74
JAT JABAT MARSHALL ISLANDS 844
JAX JACKSONVILLE FLORIDA USA 33
JBC BOSTON MASSACHUSETTS USA 13
JBK BERKELEY CALIFORNIA USA 91
JBP LOS ANGELES CALIFORNIA USA 91
JBR JONESBORO ARKANSAS USA 71
JBS PLEASANTON CALIFORNIA USA 91
JBT BETHEL ALASKA USA 1
JCC SAN FRANCISCO CALIFORNIA USA 91
JCD ST.CROIX VIRGIN IS. 4
JCE SAN FRANCISCO CALIFORNIA USA 91
JCI KANSAS CITY MISSOURI USA 62
JCT JUNCTION TEXAS USA 74
JCY JOHNSON TEXAS USA 74
JDA JOHN DAY OREGON USA 92
JDB DALLAS FT. WORTH TEXAS USA 74
JDM MIAMI FLORIDA USA 33
JDN JORDAN MONTANA USA 84
JDT MINNEAPOLIS ST PAUL MN-DT HLPT US 63
JDX HOUSTON TEXAS USA 74
JDY DOWNEY CALIFORNIA USA 91
JEF JEFFERSON CITY MISSOURI USA 64
JEJ JEH MARSHALL ISLANDS 844
JEM EMERYVILLE CALIFORNIA USA 91
JFK NEW YORK NEW YORK USA 22
JFN JEFFERSON OHIO USA 44
JGC GRAND CANYON ARIZONA USA 81
JGP HOUSTON TEXAS USA 74
JGQ HOUSTON TEXAS USA 74
JGX GLENDALE CALIFORNIA USA 91
JHC GARDEN CITY NEW YORK USA 22
JHM KAPALUA MAUI HAWAII USA 2
JHW JAMESTOWN NEW YORK USA 22
JHY CAMBRIDGE MASSACHUSETTS USA 13
JID LOS ANGELES CALIFORNIA USA 91
JKV JACKSONVILLE TEXAS USA 74
JLA COOPER LODGE ALASKA USA 1
JLC HOUSTON TEXAS USA 74
JLN JOPLIN MISSOURI USA 64
JLX LOS ANGELES CALIFORNIA USA 91
JMA HOUSTON TEXAS USA 74
JMC MARIN CITY CALIFORNIA USA 91
JMH SCHAUMBURG ILLINOIS USA 41
JMS JAMESTOWN NORTH DAKOTA USA 66
JNP NEWPORT BEACH CALIFORNIA USA 91
JNU JUNEAU ALASKA USA 1
JOC SANTA ANA CALIFORNIA USA 91
JOR ORANGE CALIFORNIA USA 91
JOT JOLIET ILLINOIS USA 41
JPD PASADENA CALIFORNIA USA 91
JPJ PATERSON NEW JERSEY USA 21
JPT HOUSTON TEXAS USA 74
JRA NEW YORK NEW YORK USA 22
JRB NEW YORK NEW YORK USA 22
JRE NEW YORK NEW YORK USA 22
JSD STRATFORD CONNECTICUT USA 11
JSK ST CLOUD MINNESOTA USA 63
JSL ATLANTIC CITY NEW JERSEY USA 21
JST JOHNSTOWN PENNSYLVANIA USA 23
JTC HOUSTON TEXAS USA 74
JTO THOUSAND OAKS CALIFORNIA USA 91
JVI MANVILLE NEW JERSEY USA 21
JVL BELOIT JANESVILLE WISCONSIN USA 45
JWH HOUSTON TEXAS USA 74
JWL HOUSTON TEXAS USA 74
JXN JACKSON MICHIGAN USA 43
JZA NEWTON MISSISSIPPI USA 53
JZB ORANGE MASSACHUSETTS USA 13
JZC STANLEY NORTH DAKOTA USA 66
JZE TRADING BAY ALASKA USA 1
JZG CHAMBERLAIN SOUTH DAKOTA USA 67
JZH ONIDA SOUTH DAKOTA USA 67
JZI PORTLAND TENNESSEE USA 54
JZJ DULUTH MINNESOTA USA 63
JZK CLOQUET MINNESOTA USA 63
JZL SAN CLEMENTE ISLND CALIFORNIA USA 91
JZM HOG RIVER ALASKA USA 1
JZN QUINCY WASHINGTON USA 93
JZO AMERICAN FALLS IDAHO USA 83
JZP PROSPECT OREGON USA 92
JZQ BROOKSVILLE FLORIDA USA 33
JZR LAUREL MONTANA USA 84
JZS BAKERSFIELD CALIFORNIA USA 91
JZT ARLINGTON TEXAS USA 74
JZU BENNINGTON VERMONT USA 16
JZV LITTLE ROCK ARKANSAS USA 71
JZW EVERGREEN ALABAMA USA 51
JZX ANGUIN CALIFORNIA USA 91
JZY GRANGEVILLE IDAHO USA 83
KAE KAKE ALASKA USA 1
KAL KALTAG ALASKA USA 1
KBC BIRCH CREEK ALASKA USA 1
KBE BELL ISLAND ALASKA USA 1
KBK KLAG BAY ALASKA USA 1
KBT KABEN MARSHALL ISLANDS 844
KBW CHIGNIK ALASKA USA 1
KCC COFFMAN COVE ALASKA USA 1
KCG CHIGNIK FISHERIES ALASKA USA 1
KCK KANSAS CITY KANSAS USA 62
KCL CHIGNIK LAGOON ALASKA USA 1
KCN CHERNOFSKI ALASKA USA 1
KCQ CHIGNIK ALASKA USA 1
KCR COLORADO CREEK ALASKA USA 1
KDK KODIAK ALASKA USA 1
KEB ENGLISH BAY ALASKA USA 1
KEH KENMORE WASHINGTON USA 93
KEK EKWOK ALASKA USA 1
KEU KELLY BAR ALASKA USA 1
KFP FALSE PASS ALASKA USA 1
KGK KOLIGANEK ALASKA USA 1
KGX GRAYLING ALASKA USA 1
KGZ GLACIER CREEK ALASKA USA 1
KIB IVANOFF BAY ALASKA USA 1
KIC KING CITY CALIFORNIA USA 91
KIO KILI MARSHALL ISLANDS 844
KIP WICHITA FALLS TEXAS 74
KKA KOYUK ALASKA USA 1
KKB KITOI ALASKA USA 1
KKF KAGVIK CREEK ALASKA USA 1
KKH KONGIGANAK ALASKA USA 1
KKI AKIACHAK ALASKA USA 1
KKK KALAKAKET CREEK ALASKA USA 1
KKL KARLUK LAKE ALASKA USA 1
KKU EKUK ALASKA USA 1
KLG KALSKAG ALASKA USA 1
KLL LEVELOCK ALASKA USA 1
KLN LARSEN BAY ALASKA USA 1
KLP KELP BAY ALASKA USA 1
KLS KELSO WASHINGTON USA 93
KLW KLAWOCK ALASKA USA 1
KMC MC CORD ALASKA USA 1
KMO MANOKOTAK ALASKA USA 1
KMY MOSER BAY ALASKA USA 1
KNB KANAB UTAH USA 87
KNK KAKHONAK ALASKA USA 1
KNW NEW STUYAHOK ALASKA USA 1
KOA KONA HAWAII HAWAII USA 2
KOT KOTLIK ALASKA USA 1
KOY OLGA BAY ALASKA USA 1
KOZ OUZINKIE ALASKA USA 1
KPB POINT BAKER ALASKA USA 1
KPC PORT CLARENCE ALASKA USA 1
KPH PAULOFF HARBOR ALASKA USA 1
KPK PARKS ALASKA USA 1
KPN KIPNUK ALASKA USA 1
KPR PORT WILLIAMS ALASKA USA 1
KPT JACKPOT NEVADA USA 85
KPV PERRYVILLE ALASKA USA 1
KPY PORT BAILEY ALASKA USA 1
KQA AKUTAN ALASKA USA 1
KSM ST. MARY'S ALASKA USA 1
KTB THORNE BAY ALASKA USA 1
KTH TIKCHIK ALASKA USA 1
KTN KETCHIKAN ALASKA USA 1
KTS BREVIG MISSION ALASKA USA 1
KTY TERROR BAY ALASKA USA 1
KUK KASIGLUK ALASKA USA 1
KUY UYAK ALASKA USA 1
KVC KING COVE ALASKA USA 1
KVL KIVALINA ALASKA USA 1
KWA KWAJALEIN MARSHALL IS. 844
KWF WATERFALL ALASKA USA 1
KWK KWIGILLINGOK ALASKA USA 1
KWN KWINHAGAK ALASKA USA 1
KWP WEST POINT ALASKA USA 1
KWT KWETHLUK ALASKA USA 1
KXA KASAAN ALASKA USA 1
KYK KARLUK ALASKA USA 1
KYL KEY LARGO FLORIDA USA 33
KYU KOYUKUK ALASKA USA 1
KZB ZACHAR BAY ALASKA USA 1
KZH KIZHUYAK ALASKA USA 1
LAA LAMAR COLORADO USA 82
LAL LAKELAND FLORIDA USA 33
LAN LANSING MICHIGAN USA 43
LAR LARAMIE WYOMING USA 88
LAS LAS VEGAS NEVADA USA 85
LAW LAWTON OKLAHOMA USA 73
LAX LOS ANGELES CALIFORNIA USA 91
LBE LATROBE PENNSYLVANIA USA 23
LBF NORTH PLATTE NEBRASKA USA 65
LBL LIBERAL KANSAS USA 62
LBT LUMBERTON NORTH CAROLINA USA 36
LCH LAKE CHARLES LOUISIANA USA 72
LCI LACONIA NEW HAMPSHIRE USA 14
LCK COLUMBUS OHIO USA 44
LDJ LINDEN NEW JERSEY USA 21
LDM LUDINGTON MICHIGAN USA 43
LEE LEESBURG FLORIDA USA 33
LEM LEMMON SOUTH DAKOTA USA 67
LEW LEWISTON AUBURN MAINE USA 12
LEX LEXINGTON FRANKFORT KENTUCKY USA 52
LFI NEWPORT NEWS HAMPTON VA USA 38
LFK LUFKIN TEXAS USA 74
LFN LOUISBURG N. CAROLINA USA 36
LFT LAFAYETTE LOUISIANA USA 72
LGA NEW YORK NEW YORK USA 22
LGB LONG BEACH CALIFORNIA USA 91
LGD LA GRANDE OREGON USA 92
LGU LOGAN UTAH USA 87
LHB LOST HARBOR ALASKA USA 1
LHV LOCK HAVEN PENNSYLVANIA USA 23
LIC LIMON COLORADO USA 82
LIH LIHUE KAUAI HAWAII USA 2
LIJ LONG ISLAND ALASKA USA 1
LIK LIKIEP MARSHALL ISLANDS 844
LIT LITTLE ROCK ARKANSAS USA 71
LIV LIVENGOOD ALASKA USA 1
LIZ LIMESTONE MAINE USA 12
LJN LAKE JACKSON TEXAS USA 74
LKE SEATTLE WASHINGTON USA 93
LKK KULIK LAKE ALASKA USA 1
LKS LAKESIDE TEXAS USA 74
LKV LAKEVIEW OREGON USA 92
LLD LOVELAND COLORADO USA 82
LLX LYNDONVILLE VERMONT USA 16
LLY MOUNT HOLLY NEW JERSEY USA 21
LMA LAKE MINCHUMINA ALASKA USA 1
LML LAE MARSHALL ISLANDS 844
LMS LOUISVILLE MISSISSIPPI USA 53
LMT KLAMATH FALLS OREGON USA 92
LNA WEST PALM BEACH FL-COUNTY USA 33
LND LANDER WYOMING USA 88
LNI LONELY ALASKA USA 1
LNK LINCOLN NEBRASKA USA 65
LNN WILLOUGHBY OHIO USA 44
LNP WISE VIRGINIA USA 38
LNR LONE ROCK WISCONSIN USA 45
LNS LANCASTER PENNSYLVANIA USA 23
LNY LANAI CITY LANAI HAWAII USA 2
LOF LOEN MARSHALL ISLANDS 844
LOG LONGVIEW WASHINGTON USA 93
LOL LOVELOCK NEVADA USA 85
LOT LOCKPORT ILLINOIS USA 41
LOW LOUISA VIRGINIA USA 38
LOZ LONDON CORBIN KENTUCKY USA 52
LPC LOMPOC CALIFORNIA USA 91
LPS LOPEZ ISLAND WASHINGTON USA 93
LPW LITTLE PORT WALTER ALASKA USA 1
LQK PICKENS SOUTH CAROLINA USA 37
LRD LAREDO TEXAS USA 74
LRF JACKSONVILLE ARKANSAS USA 71
LRJ LEMARS IOWA USA 61
LRL LAMA-KARA TOGO 586
LSE LA CROSSE WISCONSIN USA 45
LSK LUSK WYOMING USA 88
LSN LOS BANOS CALIFORNIA USA 91
LSR LOST RIVER ALASKA USA 1
LSV LAS VEGAS NEVADA USA 85
LTH LATHROP WELLS NEVADA USA 85
LTS ALTUS OKLAHOMA USA 73
LTW PATUXENT LEONARDTOWN MARYLAND USA 35
LUF PHOENIX ARIZONA USA 81
LUK CINCINNATI OHIO USA 44
LUP KALAUPAPA MOLOKAI HAWAII USA 2
LUR CAPE LISBURNE ALASKA USA 1
LVD LIME VILLAGE ALASKA USA 1
LVK LIVERMORE CALIFORNIA USA 91
LVL LAWRENCEVILLE VIRGINIA USA 38
LVM LIVINGSTON MONTANA USA 84
LWB GREENBRIER WEST VIRGINIA USA 39
LWC LAWRENCE KANSAS USA 62
LWL WELLS NEVADA USA 85
LWM LAWRENCE MASSACHUSETTS USA 13
LWS LEWISTON IDAHO USA 83
LWT LEWISTOWN MONTANA USA 84
LWV LAWRENCEVILLE ILLINOIS USA 41
LXN LEXINGTON NEBRASKA USA 65
LXV LEADVILLE COLORADO USA 82
LYH LYNCHBURG VIRGINIA USA 38
LYO LYONS KANSAS USA 62
LYU ELY MINNESOTA USA 63
MAE MADERA CALIFORNIA USA 91
MAF MIDLAND ODESSA TEXAS USA 74
MAJ MAJURO MARSHALL IS. 844
MAV MALOELAP MARSHALL ISLANDS 844
MAW MALDEN MISSOURI USA 64
MAZ MAYAGUEZ PUERTO RICO 3
MBG MOBRIDGE SOUTH DAKOTA USA 67
MBL MANISTEE MICHIGAN USA 43
MBS SAGINAW MICHIGAN USA 43
MBY MOBERLY MISSOURI USA 64
MCB MCCOMB MISSISSIPPI USA 53
MCC SACRAMENTO CALIFORNIA USA 91
MCD MACKINAC ISLAND MICHIGAN USA 43
MCE MERCED CALIFORNIA USA 91
MCF TAMPA FLORIDA USA 33
MCG MC GRATH ALASKA USA 1
MCI KANSAS CITY MISSOURI USA 64
MCK MC COOK NEBRASKA USA 65
MCL MCKINLEY NATIONAL PARK ALASKA USA 1
MCO ORLANDO FLORIDA USA 33
MCW MASON CITY IOWA USA 61
MDD MIDLAND ODESSA TEXAS USA 74
MDF MEDFORD WISCONSIN USA 45
MDH CARBONDALE ILLINOIS USA 41
MDJ MADRAS OREGON USA 92
MDO MIDDLETON ISLAND ALASKA USA 1
MDR MEDFRA ALASKA USA 1
MDT HARRISBURG PENNSYLVANIA USA 23
MDW CHICAGO ILLINOIS USA 41
MEI MERIDIAN MISSISSIPPI USA 53
MEJ MEADVILLE PENNSYLVANIA USA 23
MEM MEMPHIS TENNESSEE USA 54
MEO MANTEO NORTH CAROLINA USA 36
MEV MINDEN NEVADA USA 85
MFD MANSFIELD OHIO USA 44
MFE MISSION MCALLEN TEXAS USA 74
MFH MESQUITE NEVADA USA 85
MFI WAUKESHA WISCONSIN USA 45
MFR MEDFORD OREGON USA 92
MFV MELFA VIRGINIA USA 38
MGJ MONTGOMERY NEW YORK USA 22
MGM MONTGOMERY ALABAMA USA 51
MGW MORGANTOWN WEST VIRGINIA USA 39
MGY DAYTON OHIO USA 44
MHE MITCHELL SOUTH DAKOTA USA 67
MHK MANHATTAN KANSAS USA 62
MHL MARSHALL MISSOURI USA 64
MHM MINCHUMINA ALASKA USA 1
MHN MULLEN NEBRASKA USA 65
MHR SACRAMENTO CALIFORNIA USA 91
MHS MOUNT SHASTA CALIFORNIA USA 91
MHT MANCHESTER NEW HAMPSHIRE USA 14
MHV MOJAVE CALIFORNIA USA 91
MIA MIAMI FLORIDA USA 33
MIB MINOT NORTH DAKOTA USA 66
MIC MINNEAPOLIS ST PAUL MN-CRYSTAL US 63
MIF MONAHANS TEXAS USA 74
MIJ MILI MARSHALL ISLANDS 844
MIO MIAMI OKLAHOMA USA 73
MIQ OMAHA NEBRASKA USA 65
MIT SHAFTER CALIFORNIA USA 91
MIV MILLVILLE NEW JERSEY USA 21
MIW MARSHALLTOWN IOWA USA 61
MJB MEJIT MARSHALL ISLANDS 844
MJE MAJKIN MARSHALL ISLANDS 844
MJQ JACKSON MINNESOTA USA 63
MJX TOMS RIVER NEW JERSEY USA 21
MKC KANSAS CITY MISSOURI USA 64
MKE MILWAUKEE WISCONSIN USA 45
MKG MUSKEGON MICHIGAN USA 43
MKK MOLOKAI KAUNAKAK HAWAII USA 2
MKL JACKSON TENNESSEE USA 54
MKO MUSKOGEE OKLAHOMA USA 73
MKT MANKATO MINNESOTA USA 63
MLB MELBOURNE FLORIDA USA 33
MLC MCALESTER OKLAHOMA USA 73
MLD MALAD CITY IDAHO USA 83
MLF MILFORD UTAH USA 87
MLI MOLINE ILLINOIS USA 41
MLL MARSHALL ALASKA USA 1
MLS MILES CITY MONTANA USA 84
MLT MILLINOCKET MAINE USA 12
MLU MONROE LOUISIANA USA 72
MLY MANLEY HOT SPRINGS ALASKA USA 1
MMH MAMMOTH LAKES CALIFORNIA USA 91
MMI ATHENS TENNESSEE USA 54
MML MARSHALL MINNESOTA USA 63
MMN STOW MASSACHUSETTS USA 13
MMS MARKS MISSISSIPPI USA 53
MMT COLUMBIA SOUTH CAROLINA USA 37
MMU MORRISTOWN NEW JERSEY USA 21
MNM MENOMINEE MICHIGAN USA 43
MNN MARION OHIO USA 44
MNT MINTO ALASKA USA 1
MNZ MANASSAS VIRGINIA USA 38
MOB MOBILE ALABAMA USA 51
MOD MODESTO CALIFORNIA USA 91
MOP MT. PLEASANT MICHIGAN USA 43
MOR MORRISTOWN TENNESSEE USA 54
MOS MOSES POINT ALASKA USA 1
MOT MINOT NORTH DAKOTA USA 66
MOU MOUNTAIN VILLAGE ALASKA USA 1
MOX MORRIS MINNESOTA USA 63
MPB MIAMI FLORIDA USA 33
MPE MADISON CONNECTICUT USA 11
MPJ MORRILTON ARKANSAS USA 71
MPO MT. POCONO PENNSYLVANIA USA 23
MPR MCPHERSON KANSAS USA 62
MPS MOUNT PLEASANT TEXAS USA 74
MPV MONTPELIER BARRE VERMONT USA 16
MPZ MT. PLEASANT IOWA USA 61
MQB MACOMB ILLINOIS USA 41
MQI QUINCY MASSACHUSETTS USA 13
MQT MARQUETTE MICHIGAN USA 43
MQY SMYRNA TENNESSEE USA 54
MRB MARTINSBURG WEST VIRGINIA USA 39
MRC COLUMBIA TENNESSEE USA 54
MRF MARFA TEXAS USA 74
MRI ANCHORAGE ALASKA USA 1
MRK MARCO ISLAND FLORIDA USA 33
MRN MORGANTON NORTH CAROLINA USA 36
MRU MAURITIUS MAURITIUS 546
MRY MONTEREY CALIFORNIA USA 91
MSC MESA ARIZONA USA 81
MSD MT. PLEASANT UTAH USA 87
MSL MUSCLE SHOALS ALABAMA USA 51
MSN MADISON WISCONSIN USA 45
MSO MISSOULA MONTANA USA 84
MSP MINNEAPOLIS ST.PAUL MINNESOTA USA 63
MSS MASSENA NEW YORK USA 22
MSV MONTICELLO NEW YORK USA 22
MSW MASSAWA ERITREA 523
MSY NEW ORLEANS LOUISIANA USA 72
MTC MOUNT CLEMENS MICHIGAN USA 43
MTH MARATHON FLORIDA USA 33
MTJ MONTROSE COLORADO USA 82
MTM METLAKATLA ALASKA USA 1
MTN BALTIMORE MARYLAND USA 23
MTO MATTOON ILLINOIS USA 41
MTP MONTAUK POINT NEW YORK USA 22
MTS MANZINI SWAZILAND 582
MTW MANITOWOC WISCONSIN USA 45
MTX FAIRBANKS ALASKA USA 1
MUE KAMUELA HAWAII HAWAII USA 2
MUO MOUNTAIN HOME IDAHO USA 83
MUT MUSCATINE IOWA USA 61
MUU MOUNT UNION PENNSYLVANIA USA 23
MVC MONROEVILLE ALABAMA USA 51
MVE MONTEVIDEO MINN. 204
MVL MORRISVILLE VERMONT USA 16
MVM KAYENTA ARIZONA USA 81
MVN MOUNT VERNON ILLINOIS USA 41
MVW MOUNT VERNON WASHINGTON USA 93
MVY MARTHA'S VINEYARD MA USA 13
MWA MARION ILLINOIS USA 41
MWC MILWAUKEE WISCONSIN-TIMMERMAN USA 45
MWH MOSES LAKE WASHINGTON USA 93
MWL MINERAL WELLS TEXAS USA 74
MWM WINDOM MINNESOTA USA 63
MWO MIDDLETOWN OHIO USA 44
MWS MOUNT WILSON CALIFORNIA USA 91
MXA MANILA ARKANSAS USA 71
MXC MONTICELLO UTAH USA 87
MXE MAXTON NORTH CAROLINA USA 36
MXF MONTGOMERY ALABAMA USA 51
MXG MARLBOROUGH MASSACHUSETTS USA 13
MXO MONTICELLO IOWA USA 61
MXY MC CARTHY ALASKA USA 1
MYF SAN DIEGO CALIFORNIA USA 91
MYH MARBLE CANYON ARIZONA USA 81
MYK MAY CREEK ALASKA USA 1
MYL MCCALL IDAHO USA 83
MYR MYRTLE BEACH SOUTH CAROLINA USA 37
MYU MEKORYUK ALASKA USA 1
MYV MARYSVILLE CALIFORNIA USA 91
MZJ MARANA ARIZONA USA 81
NAX BARBERS POINT HAWAII USA 2
NBG NEW ORLEANS LOUISIANA USA 72
NBU GLENVIEW ILLINOIS USA 41
NCN NEW CHENEGAL ALASKA USA 1
NCO QUONSET POINT RHODE ISLAND USA 15
NDK NAMORIK MARSHALL ISLANDS 844
NEL LAKEHURST NEW JERSEY USA 21
NEN WHITEHOUSE FLORIDA USA 33
NES NEW YORK NEW YORK USA 22
NEW NEW ORLEANS LOUISIANA USA 72
NFL FALLON NEVADA USA 85
NGC GRAND CANYON ARIZONA USA 81
NGD ANEGADA BRITISH VIRGIN IS. 282
NGF KANEOHE BAY HAWAII USA 2
NGP CORPUS CHRISTI TEXAS USA 74
NGU NORFOLK VIRGINIA USA 38
NGW CORPUS CHRISTI TEXAS USA 74
NGZ ALAMEDA CALIFORNIA USA 91
NHK PATUXENT RIVER MARYLAND USA 35
NHX FOLEY ALABAMA USA 51
NHZ BRUNSWICK MAINE USA 12
NIB NIKOLAI ALASKA USA 1
NIE NIBLACK ALASKA USA 1
NIN NINILCHIK ALASKA USA 1
NIP JACKSONVILLE FLORIDA USA 33
NKI NAUKITI ALASKA USA 1
NKT CHERRY POINT MCAS NC USA 36
NKV NICHEN COVE ALASKA USA 1
NKW DIEGO GARCIA ATOLL CHAGOS ISLANDS 707
NKX SAN DIEGO CALIFORNIA USA 91
NLE NILES MICHIGAN USA 43
NLG NELSON LAGOON ALASKA USA 1
NME NIGHTMUTE ALASKA USA 1
NMU NAMU MARSHALL ISLANDS 844
NNK NAKNEK ALASKA USA 1
NNL NONDALTON ALASKA USA 1
NOG NOGALES ARIZ MEX. 148
NOT NOVATO CALIFORNIA USA 91
NPA PENSACOLA FLORIDA USA 33
NPH NEPHI UTAH USA 87
NPT NEWPORT RHODE ISLAND USA 15
NQA MEMPHIS TENNESSEE USA 54
NQI KINGSVILLE TEXAS USA 74
NQX KEY WEST FLORIDA USA 33
NRB MAYPORT FLORIDA USA 33
NRC CROWS LANDING CALIFORNIA USA 91
NRI SHANGRI-LA OKLAHOMA USA 73
NRR ROOSEVELT ROADS PUERTO RICO 3
NSE MILTON FLORIDA USA 33
NSX NORTH SOUND VIRGIN GORDA B.V.I. 282
NTD PORT HUENEME CALIFORNIA USA 91
NTJ MANTI UTAH USA 87
NTT NUIATOPUTAPU TONGA 881
NTU OCEANA VIRGINIA USA 38
NUI NUIQSUT ALASKA USA 1
NUL NULATO ALASKA USA 1
NUP NUNAPITCHUK ALASKA USA 1
NUQ MOUNTAIN VIEW CALIFORNIA USA 91
NUW WHIDBEY ISLAND WASHINGTON USA 93
NVD NEVADA MISSOURI USA 64
NWA MOHELI COMORO IS. 513
NWH NEWPORT NEW HAMPSHIRE USA 14
NWS NEW YORK NEW YORK USA 22
NWU BERMUDA NAS BERMUDA 207
NXX WILLOW GROVE PENNSYLVANIA USA 23
NYC NEW YORK NEW YORK USA 22
NZC JACKSONVILLE FLORIDA USA 33
NZJ SANTA ANA CALIFORNIA USA 91
NZW SOUTH WEYMOUTH MASSACHUSETTS USA 13
NZY SAN DIEGO CALIFORNIA USA 91
OAJ JACKSONVILLE NORTH CAROLINA USA 36
OAK OAKLAND CALIFORNIA USA 91
OBE OKEECHOBEE FLORIDA USA 33
OBK NORTHBROOK ILLINOIS USA 41
OBT OAKLAND MARYLAND USA 35
OBU KOBUK ALASKA USA 1
OCA OCEAN REEF CLUB FLORIDA USA 33
OCE OCEAN CITY MARYLAND USA 35
OCF OCALA FLORIDA USA 33
OCH NACOGDOCHES TEXAS USA 74
OCI OCEANIC ALASKA USA 1
OCN OCEANSIDE CALIFORNIA USA 91
OCW WASHINGTON NORTH CAROLINA USA 36
ODM OAKLAND MARYLAND USA 35
ODW OAK HARBOR WASHINGTON USA 93
OEO OSCEOLA WISCONSIN USA 45
OFF OMAHA NEBRASKA USA 65
OFK NORFOLK NEBRASKA USA 65
OGA OGALLALA NEBRASKA USA 65
OGB ORANGEBURG SOUTH CAROLINA USA 37
OGD OGDEN UTAH USA 87
OGG KAHULUI MAUI HAWAII USA 2
OGS OGDENSBURG NEW YORK USA 22
OHC NORTH EAST CAPE ALASKA USA 1
OHD OHRID MACEDONIA 455
OHG OGHSENOKALE ALASKA USA 1
OJC KANSAS CITY MISSOURI USA 62
OKC OKLAHOMA CITY OKLAHOMA USA 73
OKM OKMULGEE OKLAHOMA USA 73
OKS OSHKOSH NEBRASKA USA 65
OLD OLD TOWN MAINE USA 12
OLE OLEAN NEW YORK USA 22
OLF WOLF POINT MONTANA USA 84
OLH OLD HARBOR ALASKA USA 1
OLM OLYMPIA WASHINGTON USA 93
OLS NOGALES ARIZONA USA 81
OLU COLUMBUS NEBRASKA USA 65
OLV OLIVE BRANCH MISSISSIPPI USA 53
OLY OLNEY ILLINOIS USA 41
OMA OMAHA NEBRASKA USA 65
OME NOME ALASKA USA 1
OMK OMAK WASHINGTON USA 93
OMY PHNOM THBENG MEANCHEY DEM KAMPUCHE 709
ONA WINONA MINNESOTA USA 63
ONH ONEONTA NEW YORK USA 22
ONL ONEILL NEBRASKA USA 65
ONN ONION BAY ALASKA USA 1
ONO ONTARIO OREGON USA 92
ONP NEWPORT OREGON USA 92
ONT ONTARIO CALIFORNIA USA 91
ONY OLNEY TEXAS USA 74
OOA OSKALOOSA IOWA USA 61
OOK TOKSOOK ALASKA USA 1
OOT ONOTOA GILBERT IS 824
OPF MIAMI FLORIDA USA 33
OPL OPELOUSAS LOUISIANA USA 72
ORD CHICAGO ILLINOIS USA 41
ORF NORFOLK VIRGINIA USA 38
ORH WORCESTER MASSACHUSETTS USA 13
ORI PORT LIONS ALASKA USA 1
ORL ORLANDO FLORIDA USA 33
ORQ NORWALK CONNECTICUT USA 11
ORT NORTHWAY ALASKA USA 1
ORV NOORVIK ALASKA USA 1
OSB OSAGE BEACH MISSOURI USA 64
OSC OSCODA MICHIGAN USA 43
OSH OSHKOSH WISCONSIN USA 45
OSU COLUMBUS OHIO USA 44
OSX KOSCIUSKO MISSISSIPPI USA 53
OTG WORTHINGTON MINNESOTA USA 63
OTH NORTH BEND OREGON USA 92
OTM OTTUMWA IOWA USA 61
OTS ANACORTES WASHINGTON USA 93
OTZ KOTZEBUE ALASKA USA 1
OUN NORMAN OKLAHOMA USA 73
OVE OROVILLE CALIFORNIA USA 91
OWA OWATONNA MINNESOTA USA 63
OWB OWENSBORO KENTUCKY USA 52
OWD NORWOOD MASSACHUSETTS USA 13
OWK NORRIDGEWOCK MAINE USA 12
OXC WATERBURY CONNECTICUT USA 11
OXR OXNARD CALIFORNIA USA 91
OYS YOSEMITE NATL PARK CALIFORNIA USA 91
OZA OZONA TEXAS USA 74
OZR OZARK ALABAMA USA 51
PAC PANAMA CITY PAN. REP-PAITILLA ARPT 162
PAE EVERETT WASHINGTON USA 93
PAH PADUCAH KENTUCKY USA 52
PAK HANAPEPE KAUAI HAWAII USA 2
PAM PANAMA CITY FLORIDA USA 33
PAO PALO ALTO CALIFORNIA USA 91
PAQ PALMER ALASKA USA 1
PBA POINT BARROW ALASKA USA 1
PBF PINE BLUFF ARKANSAS USA 71
PBG PLATTSBURGH NEW YORK USA 22
PBI WEST PALM BEACH FLORIDA USA 33
PBK PACK CREEK ALASKA USA 1
PCA PORTAGE CREEK ALASKA USA 1
PCD PRAIRIE DU CHIEN WISCONSIN USA 45
PCE PAINTER CREEK ALASKA USA 1
PCK PORCUPINE CREEK ALASKA USA 1
PCP PRINCIPE IS. PRINCIPE ISLAND 567
PCT PRINCETON NEW JERSEY USA 21
PCU PICAYUNE MISSISSIPPI USA 53
PDB PEDRO BAY ALASKA USA 1
PDT PENDLETON OREGON USA 92
PDX PORTLAND OREGON USA 92
PEC PELICAN ALASKA USA 1
PEQ PECOS TEXAS USA 74
PFA PAF WARREN ALASKA USA 1
PFC PACIFIC CITY OREGON USA 92
PFD PORT FREDERICK ALASKA USA 1
PFN PANAMA CITY FLORIDA USA 33
PGA PAGE ARIZONA USA 81
PGC PETERSBURG WEST VIRGINIA USA 39
PGD PUNTA GORDA FLORIDA USA 33
PGL PASCAGOULA MISSISSIPPI USA 53
PGM PORT GRAHAM ALASKA USA 1
PGO PAGOSA SPRINGS COLORADO USA 82
PGP PORTO ALEGRE SAO TOME IS. 567
PGR PARAGOULD ARKANSAS USA 71
PGS PEACH SPRINGS ARIZONA USA 81
PGV GREENVILLE NORTH CAROLINA USA 36
PHD NEW PHILADELPHIA OHIO USA 44
PHF NEWPORT NEWS WMSBURG VIRGINIA USA 38
PHK PAHOKEE FLORIDA USA 33
PHL PHILADELPHIA PENNSYLVANIA USA 23
PHN PORT HURON MICHIGAN USA 43
PHO POINT HOPE ALASKA USA 1
PHP PHILIP SOUTH DAKOTA USA 67
PHT PARIS TENNESSEE USA 54
PHX PHOENIX ARIZONA USA 81
PIA PEORIA ILLINOIS USA 41
PIB LAUREL HATTIESBURG MISSISSIPPI USA 53
PIE ST. PETERSBURG FLORIDA USA 33
PIH POCATELLO IDAHO USA 83
PII FAIRBANKS ALASKA USA 1
PIP PILOT POINT ALASKA USA 1
PIR PIERRE SOUTH DAKOTA USA 67
PIT PITTSBURGH PENNSYLVANIA USA 23
PIZ POINT LAY ALASKA USA 1
PJB PAYSON ARIZONA USA 81
PJS PORT SAN JUAN ALASKA USA 1
PKA NAPASKIAK ALASKA USA 1
PKB PARKERSBURG WEST VIRGINIA USA 39
PKD PARK RAPIDS MINNESOTA USA 63
PKF PARK FALLS WISCONSIN USA 45
PLB PLATTSBURGH NEW YORK USA 22
PLK POINT LOOKOUT MISSOURI USA 64
PLN PELLSTON MICHIGAN USA 43
PLR PELL CITY ALABAMA USA 51
PMB PEMBINA NORTH DAKOTA USA 66
PMD PALMDALE LANCASTER CALIFORNIA USA 91
PMH PORTSMOUTH OHIO USA 44
PML PORT MOLLER ALASKA USA 1
PMU PAIMIUT ALASKA USA 1
PMX PALMER MASSACHUSETTS USA 13
PNC PONCA CITY OKLAHOMA USA 73
PNE PHILADELPHIA PENNSYLVANIA USA 23
PNF PETERSON'S POINT ALASKA USA 1
PNN PRINCETON MAINE USA 12
PNR POINTE NOIRE PEOP. REP. OF CONGO 515
PNS PENSACOLA FLORIDA USA 33
PNU PANGUITCH UTAH USA 87
PNX SHERMAN TEXAS USA 74
POB FAYETTEVILLE NORTH CAROLINA USA 36
POC LA VERNE CALIFORNIA USA 91
POE FT. POLK LOUISIANA USA 72
POF POPLAR BLUFF MISSOURI USA 64
POH POCAHONTAS IOWA USA 61
POP PUERTO PLATA DOMINICAN REP 224
POQ POLK INLET ALASKA USA 1
POU POUGHKEEPSIE NEW YORK USA 22
POY POWELL WYOMING USA 88
PPA PAMPA TEXAS USA 74
PPC PROSPECT CREEK ALASKA USA 1
PPD HUMACAO PUERTO RICO 3
PPF PARSONS KANSAS USA 62
PPM POMPANO BEACH FLORIDA USA 33
PPV PORT PROTECTION ALASKA USA 1
PQI PRESQUE ISLE MAINE USA 12
PQS PILOT STATION ALASKA USA 1
PRB PASO ROBLES CALIFORNIA USA 91
PRC PRESCOTT ARIZONA USA 81
PRF PORT JOHNSON ALASKA USA 1
PRL PORT OCEANIC ALASKA USA 1
PRW PRENTICE WISCONSIN USA 45
PRX PARIS TEXAS USA 74
PRZ PRINEVILLE OREGON USA 92
PSB PHILIPSBURG PENNSYLVANIA USA 23
PSC PASCO WASHINGTON USA 93
PSE PONCE PUERTO RICO 3
PSF PITTSFIELD MASSACHUSETTS USA 13
PSG PETERSBURG ALASKA USA 1
PSK PULASKI VIRGINIA USA 38
PSM PORTSMOUTH NEW HAMPSHIRE USA 14
PSN PALESTINE TEXAS USA 74
PSP INDIO PALM SPRINGS CALIFORNIA USA 91
PSX PALACIOS TEXAS USA 74
PTA PORT ALSWORTH ALASKA USA 1
PTB PETERSBURG VIRGINIA USA 38
PTC PORT ALICE ALASKA USA 1
PTD PORT ALEXANDER ALASKA USA 1
PTH PORT HEIDEN ALASKA USA 1
PTK PONTIAC MICHIGAN USA 43
PTL PORT ARMSTRONG ALASKA USA 1
PTN PATTERSON MORGAN CITY LA USA 72
PTR PLEASANT HARBOR ALASKA USA 1
PTS PITTSBURG KANSAS USA 62
PTT PRATT KANSAS USA 62
PTU PLATINUM ALASKA USA 1
PTV PORTERVILLE CALIFORNIA USA 91
PTW POTTSTOWN PENNSYLVANIA USA 22
PUB PUEBLO COLORADO USA 82
PUC PRICE UTAH USA 87
PUL POULSBO WASHINGTON USA 93
PUO PRUDHOE BAY ALASKA USA 1
PUW PULLMAN WASHINGTON USA 93
PVC PROVINCETOWN MASSACHUSETTS USA 13
PVD PROVIDENCE RHODE ISLAND USA 15
PVF PLACERVILLE CALIFORNIA USA 91
PVU PROVO UTAH USA 87
PVW PLAINVIEW TEXAS USA 74
PVY POPE VANOY ALASKA USA 1
PVZ PAINESVILLE OHIO USA 44
PWA OKLAHOMA CITY OKLAHOMA USA 73
PWD PLENTYWOOD MONTANA USA 84
PWK CHICAGO ILLINOIS USA 41
PWM PORTLAND MAINE USA 12
PWR PORT WALTER ALASKA USA 1
PWT BREMERTON WASHINGTON USA 93
PXL POLACCA ARIZONA USA 81
PXO PORTO SANTO MADEIRA IS. 469
PYL PERRY ISLAND ALASKA USA 1
PYM PLYMOUTH MASSACHUSETTS USA 13
PZK PUKA PUKA ISLAND COOK IS S PACIFI 813
QCE COPPER MOUNTAIN COLORADO USA 82
QKB BRECKENRIDGE COLORADO USA 82
QKS KEYSTONE COLORADO USA 82
QMV MONTVALE NEW JERSEY USA 21
QQA CENTER ISLAND WASHINGTON USA 93
QQB KEYES POINT ALASKA USA 1
QQD BOSTON MASSACHUSETTS USA 13
QQI SUNNYSIDE WASHINGTON USA 93
QQJ STEVENSVILLE MONTANA USA 84
QQK GARBERVILLE CALIFORNIA USA 91
QQL BONNERS FERRY IDAHO USA 83
QQM SHINGLETOWN CALIFORNIA USA 91
QQN WOODLAKE CALIFORNIA USA 91
QQO BREWSTER WASHINGTON USA 93
QQP SANGER CALIFORNIA USA 91
QQQ GRASS VALLEY CALIFORNIA USA 91
QQR HORSHAM PENNSYLVANIA USA 23
QQS WALDRONAIRE WASHINGTON USA 93
QQU WINDOW ROCK ARIZONA USA 81
QQW SANTA ROSA CALIFORNIA USA 91
QQX HEALDSBURG CALIFORNIA USA 91
QQY SAN MARCOS TEXAS USA 74
QWM LONGMONT COLORADO USA 82
QWP WINTER PARK COLORADO USA 82
RAC RACINE WISCONSIN USA 45
RAL RIVERSIDE CALIFORNIA USA 91
RAP RAPID CITY SOUTH DAKOTA USA 67
RBF BIG BEAR CALIFORNIA USA 91
RBG ROSEBURG OREGON USA 92
RBH BROOKS LODGE ALASKA USA 1
RBK RANCHO CALIFORNIA CALIFORNIA USA 91
RBL RED BLUFF CALIFORNIA USA 91
RBN FT. JEFFERSON NATL PARK FL USA 33
RBW WALTERBORO SOUTH CAROLINA USA 37
RBY RUBY ALASKA USA 1
RCA RAPID CITY SOUTH DAKOTA USA 67
RCE ROCHE HARBOR WASHINGTON USA 93
RCK ROCKDALE TEXAS USA 74
RCT REED CITY MICHIGAN USA 43
RDB RED DOG ALASKA USA 1
RDD REDDING CALIFORNIA USA 91
RDG READING PENNSYLVANIA USA 23
RDM REDMOND OREGON USA 92
RDR RED RIVER NORTH DAKOTA USA 66
RDU RALEIGH DURHAM NORTH CAROLINA USA 36
RDV RED DEVIL ALASKA USA 1
RED REEDSVILLE PENNSYLVANIA USA 23
REH REHOBOTH BEACH DELAWARE USA 31
REO ROME OREGON USA 92
RFD ROCKFORD ILLINOIS USA 41
RFK ANGUILLA MISSISSIPPI USA 53
RGR RANGER TEXAS USA 74
RHI RHINELANDER WISCONSIN USA 45
RHV SAN JOSE CALIFORNIA-REID HILL USA 91
RIC RICHMOND VIRGINIA USA 38
RIE RICE LAKE WISCONSIN USA 45
RIF RICHFIELD UTAH USA 87
RIL RIFLE COLORADO USA 82
RIV RIVERSIDE CALIFORNIA USA 91
RIW RIVERTON WYOMING USA 88
RKC YREKA CALIFORNIA USA 91
RKD ROCKLAND MAINE USA 12
RKH ROCK HILL SOUTH CAROLINA USA 37
RKP ROCKPORT TEXAS USA 74
RKR POTEAU OKLAHOMA USA 73
RKS ROCK SPRINGS WYOMING USA 88
RKT RAS AL KHAIMAH U.A.E. 678
RKW ROCKWOOD TENNESSEE USA 54
RLA ROLLA MISSOURI USA 64
RLD RICHLAND WASHINGTON USA 93
RLU BORNITE ALASKA USA 1
RME ROME NEW YORK USA 22
RMP RAMPART ALASKA USA 1
RMT ROCKY MOUNT-WILSON NC USA 36
RNC MCMINNVILLE TENNESSEE USA 54
RND SAN ANTONIO TEXAS USA 74
RNG RANGELY COLORADO USA 82
RNH NEW RICHMOND WISCONSIN USA 45
RNO RENO NEVADA USA 85
RNP RONGELAP MARSHALL ISLANDS 844
RNT RENTON WASHINGTON USA 93
ROA ROANOKE VIRGINIA USA 38
ROC ROCHESTER NEW YORK USA 22
ROG ROGERS ARKANSAS USA 71
ROL ROOSEVELT UTAH USA 87
ROP ROTA MARIANA ISLANDS 5
ROX ROSEAU MINNESOTA USA 63
RPX ROUNDUP MONTANA USA 84
RQA LONE PINE CALIFORNIA USA 91
RQB ATOMIC CITY IDAHO USA 83
RQC HARLOWTON MONTANA USA 84
RQD MENDOTA CALIFORNIA USA 91
RQE PROSSER WASHINGTON USA 93
RQF LINCOLNTON NORTH CAROLINA USA 36
RQG COVINGTON TENNESSEE USA 54
RQH PERKASIE PENNSYLVANIA USA 23
RQI NIXON FORK MINE ALASKA USA 1
RQM STERLING MASSACHUSETTS USA 13
RQN CAVE JUNCTION OREGON USA 92
RQO SENECA NEW YORK USA 22
RQQ WOODLAND CALIFORNIA USA 91
RQR HARBOR SPRINGS MICHIGAN USA 43
RQU WASCO CALIFORNIA USA 91
RQV SALT LAKE CITY UTAH USA 87
RQW PAROWAN UTAH USA 87
RQX BURLINGTON COLORADO USA 82
RQZ MARY ESTHER FLORIDA USA 33
RRG RODRIGUES IS. MAURITIUS 568
RRL MERRILL WISCONSIN USA 45
RRT WARROAD MINNESOTA USA 63
RSJ ROSARIO WASHINGTON USA 93
RSL RUSSELL KANSAS USA 62
RSN RUSTON LOUISIANA USA 72
RSP RASPBERRY STRAIT ALASKA USA 1
RST ROCHESTER MINNESOTA USA 63
RSW FT. MYERS FLORIDA USA 33
RSX ROUSES POINT NEW YORK USA 22
RTD ROTUNDA FLORIDA USA 33
RTE MARGUERITE BAY ALASKA USA 1
RTL SPIRIT LAKE IOWA USA 61
RTO COLTON CALIFORNIA USA 91
RUT RUTLAND VERMONT USA 16
RVR GREEN RIVER UTAH USA 87
RVS TULSA OKLAHOMA USA 73
RWB ROWAN BAY ALASKA USA 1
RWF REDWOOD FALLS MINNESOTA USA 63
RWI ROCKY MOUNT NORTH CAROLINA USA 36
RWL RAWLINS WYOMING USA 88
RZZ ROANOKE RAPIDS NORTH CAROLINA USA 36
SAA SARATOGA WYOMING USA 88
SAC SACRAMENTO CALIFORNIA USA 91
SAD SAFFORD ARIZONA USA 81
SAG SAGWON ALASKA USA 1
SAN SAN DIEGO CALIFORNIA USA 91
SAR SPARTA ILLINOIS USA 41
SAS SALTON CITY CALIFORNIA USA 91
SAT SAN ANTONIO TEXAS USA 74
SAW MARQUETTE MICHIGAN USA 43
SBA SANTA BARBARA CALIFORNIA USA 91
SBD SAN BERNARDINO CALIFORNIA USA 91
SBM SHEBOYGAN WISCONSIN USA 45
SBO SALINA UTAH USA 87
SBP SAN LUIS OBISPO CALIFORNIA USA 91
SBS STEAMBOAT SPRINGS COLORADO USA 82
SBT SAN BERNARDINO CALIFORNIA USA 91
SBX SHELBY MONTANA USA 84
SBY SALISBURY MARYLAND USA 35
SCB SCRIBNER NEBRASKA USA 65
SCC DEADHORSE ALASKA USA 1
SCE STATE COLLEGE PENNSYLVANIA USA 23
SCF PHOENIX ARIZONA USA 81
SCH SCHENECTADY NEW YORK USA 22
SCI SAN CRISTOBAL VENEZULA 388
SCJ SMITH COVE ALASKA USA 1
SCK STOCKTON CALIFORNIA USA 91
SCM SCAMMON BAY ALASKA USA 1
SDF LOUISVILLE KENTUCKY USA 52
SDM SAN DIEGO CALIFORNIA USA 91
SDP SAND POINT ALASKA USA 1
SDX SEDONA ARIZONA USA 81
SDY SIDNEY MONTANA USA 84
SEA SEATTLE WASHINGTON USA 93
SEE SAN DIEGO CALIFORNIA USA 91
SEF SEBRING FLORIDA USA 33
SEG SELINSGROVE PENNSYLVANIA USA 23
SEM SELMA ALABAMA USA 51
SEP STEPHENVILLE TEXAS USA 74
SES SELMA ALABAMA USA 51
SFB SANFORD FLORIDA USA 33
SFF SPOKANE WASHINGTON USA 93
SFM SANFORD MAINE USA 12
SFO SAN FRANCISCO CALIFORNIA USA 91
SGF SPRINGFIELD MISSOURI USA 64
SGH SPRINGFIELD OHIO USA 44
SGR SUGAR LAND TEXAS USA 74
SGT STUTTGART ARKANSAS USA 71
SGU ST. GEORGE UTAH USA 87
SGW SAGINAW ALASKA USA 1
SGY SKAGWAY ALASKA USA 1
SHD STAUNTON VIRGINIA USA 38
SHG SHUNGNAK ALASKA USA 1
SHH SHISHMAREF ALASKA USA 1
SHN SHELTON WASHINGTON USA 93
SHR SHERIDAN WYOMING USA 88
SHV SHREVEPORT LOUISIANA USA 72
SHX SHAGELUK ALASKA USA 1
SIG SAN JUAN PUERTO RICO 3
SIK SIKESTON MISSOURI USA 64
SIT SITKA ALASKA USA 1
SIY MONTAGUE CALIFORNIA USA 91
SJC SAN JOSE CALIFORNIA USA 91
SJF ST. JOHN VIRGIN IS. 4
SJN ST. JOHNS ARIZONA USA 81
SJT SAN ANGELO TEXAS USA 74
SJU SAN JUAN PUERTO RICO 3
SKA SPOKANE WASHINGTON USA 93
SKF SAN ANTONIO TEXAS USA 74
SKJ SITKINAK ALASKA USA 1
SKK SHAKTOOLIK ALASKA USA 1
SKW SKWENTNA ALASKA USA 1
SKY SANDUSKY OHIO USA 44
SLB STORM LAKE IOWA USA 61
SLC SALT LAKE CITY UTAH USA 87
SLE SALEM OREGON USA 92
SLG SILOAM SPRINGS ARKANSAS USA 71
SLJ CHANDLER ARIZONA USA 81
SLK SARANAC LAKE NEW YORK USA 22
SLN SALINA KANSAS USA 62
SLO SALEM ILLINOIS USA 41
SLQ SLEETMUTE ALASKA USA 1
SLR SULPHUR SPRINGS TEXAS USA 74
SLT SALIDA COLORADO USA 82
SME SOMERSET KENTUCKY USA 52
SMF SACRAMENTO CALIFORNIA USA 91
SMK ST. MICHAEL ALASKA USA 1
SMN SALMON IDAHO USA 83
SMO LOS ANGELES CALIFORNIA USA 91
SMU SHEEP MOUNTAIN ALASKA USA 1
SMX SANTA MARIA CALIFORNIA USA 91
SNA SANTA ANA CALIFORNIA USA 91
SNK SNYDER TEXAS USA 74
SNL SHAWNEE OKLAHOMA USA 73
SNP ST. PAUL ISLAND ALASKA USA 1
SNS SALINAS CALIFORNIA USA 91
SNY SIDNEY NEBRASKA USA 65
SOL SOLOMON ALASKA USA 1
SOP PINEHURST SOUTHERN PINES NC USA 36
SOV SELDOVIA ALASKA USA 1
SOW SHOW LOW ARIZONA USA 81
SPA GREENVILLE SPARTANBURG SC USA 37
SPF SPEARFISH SOUTH DAKOTA USA 67
SPG TAMPA FLORIDA USA 33
SPI SPRINGFIELD ILLINOIS USA 41
SPQ SAN PEDRO CALIFORNIA USA 91
SPS WICHITA FALLS TEXAS USA 74
SPW SPENCER IOWA USA 61
SPZ SPRINGDALE ARKANSAS USA 71
SQA SANTA YNEZ CALIFORNIA USA 91
SQI STERLING ROCK FALLS ILLINOIS USA 41
SQL SAN CARLOS CALIFORNIA USA 91
SQV PORT ANGELES WASHINGTON USA 93
SRC SEARCY ARKANSAS USA 71
SRQ SARASOTA BRADENTON FLORIDA USA 33
SRV STONY RIVER ALASKA USA 1
SRW SALISBURY NORTH CAROLINA USA 36
SSB ST. CROIX VIRGIN IS 4
SSC SUMTER SOUTH CAROLINA USA 37
SSM SAULT STE. MARIE MICHIGAN USA 43
SSW STUART ISLAND WASHINGTON USA 93
STC ST. CLOUD MINNESOTA USA 63
STE STEVENS POINT WISCONSIN USA 45
STG ST. GEORGE ISLAND ALASKA USA 1
STJ ST. JOSEPH MISSOURI USA 64
STK STERLING COLORADO USA 82
STL ST. LOUIS MISSOURI USA 64
STP MINNEAPOLIS ST.PAUL MINNESOTA USA 63
STQ ST. MARYS PENNSYLVANIA USA 23
STS SANTA ROSA CALIFORNIA USA 91
SUA STUART FLORIDA USA 33
SUC SUNDANCE WYOMING USA 88
SUD STROUD OKLAHOMA USA 73
SUE STURGEON BAY WISCONSIN USA 45
SUM SUMTER SOUTH CAROLINA USA 37
SUN SUN VALLEY IDAHO USA 83
SUO SUN RIVER OREGON USA 92
SUS ST. LOUIS MISSOURI USA 64
SUU FAIRFIELD CALIFORNIA USA 91
SUW DULUTH MN SUPERIOR WI USA 63
SUX SIOUX CITY IOWA USA 61
SVA SAVOONGA ALASKA USA 1
SVE SUSANVILLE CALIFORNIA USA 91
SVH STATESVILLE NORTH CAROLINA USA 36
SVS STEVENS VILLAGE ALASKA USA 1
SVW SPARREVOHN ALASKA USA 1
SWD SEWARD ALASKA USA 1
SWF NEWBURGH NEW YORK USA 22
SWO STILLWATER OKLAHOMA USA 73
SWW SWEETWATER TEXAS USA 74
SXC CATALINA ISLAND CALIFORNIA USA 91
SXP SHELDON POINT ALASKA USA 1
SXQ SOLDOTNA ALASKA USA 1
SXY SIDNEY NEW YORK USA 22
SYA SHEMYA ISLAND ALASKA USA 1
SYB SEAL BAY ALASKA USA 1
SYI SHELBYVILLE TENNESSEE USA 54
SYN STANTON MINNESOTA USA 63
SYR SYRACUSE NEW YORK USA 22
SZL WARRENSBURG MISSOURI USA 64
SZP SANTA PAULA CALIFORNIA USA 91
TAD TRINIDAD COLORADO USA 82
TAL TANANA ALASKA USA 1
TBC TUBA CITY ARIZONA USA 81
TBN FT. LEONARD WOOD MISSOURI USA 64
TBV TABAL MARSHALL ISLANDS 844
TCL TUSCALOOSA ALABAMA USA 51
TCM TACOMA WASHINGTON USA 93
TCS TRUTH OR CONSEQUENCES NM USA 86
TCT TAKOTNA ALASKA USA 1
TDW AMARILLO TEXAS USA 74
TEB TETERBORO NEW JERSEY USA 22
TEH TETLIN ALASKA USA 1
TEK TATITLEK ALASKA USA 1
TEX TELLURIDE COLORADO USA 82
TGE TUSKEGEE ALABAMA USA 51
THA TULLAHOMA TENNESSEE USA 54
THP THERMOPOLIS WYOMING USA 88
TIC TINAK MARSHALL ISLANDS 316
TIK OKLAHOMA CITY OKLAHOMA USA 73
TIW TACOMA WASHINGTON USA 93
TIX TITUSVILLE FLORIDA USA 33
TKA TALKEETNA ALASKA USA 1
TKE TENAKEE ALASKA USA 1
TKF TRUCKEE CALIFORNIA USA 91
TKI TOKEEN ALASKA USA 1
TKJ TOK ALASKA USA 1
TLA TELLER ALASKA USA 1
TLF TELIDA ALASKA USA 1
TLH TALLAHASSEE FLORIDA USA 33
TLJ TATALINA ALASKA USA 1
TLR TULARE CALIFORNIA USA 91
TLT TULUKSAK ALASKA USA 1
TNC TIN CITY ALASKA USA 1
TNK TUNUNAK ALASKA USA 1
TNP TWENTY NINE PALMS CALIFORNIA USA 91
TNT MIAMI FLORIDA USA 33
TNU NEWTON IOWA USA 61
TOA TORRANCE CALIFORNIA USA 91
TOG TOGIAK ALASKA USA 1
TOI TROY ALABAMA USA 51
TOL TOLEDO OHIO USA 44
TOP TOPEKA KANSAS USA 62
TOR TORRINGTON WYOMING USA 88
TOV TORTOLA BR VIRGIN I 282
TPA TAMPA FLORIDA USA 33
TPH TONOPAH NEVADA USA 85
TPL TEMPLE TEXAS USA 74
TPO TANALIAN POINT ALASKA USA 1
TRH TRONA CALIFORNIA USA 91
TRI BRISTOL TENNESSEE USA 54
TRM THERMAL CALIFORNIA USA 91
TRT TREMONTON UTAH 282
TRX TRENTON MISSOURI USA 64
TSG TANACROSS ALASKA USA 1
TSP TEHACHAPI CALIFORNIA USA 91
TSS NEW YORK NEW YORK USA 22
TTD TROUTDALE OREGON USA 92
TTN TRENTON NEW JERSEY USA 21
TTO BRITTON SOUTH DAKOTA USA 67
TUH TULLAHOMA TENNESSEE USA 54
TUL TULSA OKLAHOMA USA 73
TUP TUPELO MISSISSIPPI USA 53
TUS TUCSON ARIZONA USA 81
TVC TRAVERSE CITY MICHIGAN USA 43
TVF THIEF RIVER FALLS MINNESOTA USA 63
TVL LAKE TAHOE CALIFORNIA USA 91
TWA TWIN HILLS ALASKA USA 1
TWD PORT TOWNSEND WASHINGTON USA 93
TWE TAYLOR ALASKA USA 1
TWF TWIN FALLS IDAHO USA 83
TWH CATALINA ISLAND CALIFORNIA USA 91
TXK TEXARKANA ARKANSAS USA 71
TYE TYONEK ALASKA USA 1
TYR TYLER TEXAS USA 74
TYS KNOXVILLE TENNESSEE USA 54
TYZ TAYLOR ARIZONA USA 81
UCA UTICA NEW YORK USA 22
UCE EUNICE LOUISIANA USA 72
UCY UNION CITY TENNESSEE USA 54
UDD BERMUDA DUNES CALIFORNIA USA 91
UES WAUKESHA WISCONSIN USA 45
UGB PILOT POINT ALASKA USA 1
UGI UGANIK ALASKA USA 1
UGN WAUKEGAN ILLINOIS USA 41
UGS UGASHIK ALASKA USA 1
UIL QUILLAYUTE WASHINGTON USA 93
UIN QUINCY ILLINOIS USA 41
UIT JALUIT MARSHALL ISLANDS 844
UJE UJAE ISLAND MARSHALL ISLANDS 844
UKI UKIAH CALIFORNIA USA 91
UKN WAUKON IOWA USA 61
UKT QUAKERTOWN PENNSYLVANIA USA 23
ULM NEW ULM MINNESOTA USA 63
UMB UMNAK ALASKA USA 1
UMM SUMMIT ALASKA USA 1
UMT UMIAT ALASKA USA 1
UNK UNALAKLEET ALASKA USA 1
UNS UMNAK ALASKA USA 1
UNU JUNEAU WISCONSIN USA 45
UOS SEWANEE TENNESSEE USA 54
UOX UNIVERSITY MISSISSIPPI USA 53
UPP UPOLU POINT HAWAII USA 2
UQE QUEEN ALASKA USA 1
URE KURESSAARE ESTONIA 422
UST ST. AUGUSTINE FLORIDA USA 33
UTK UTIRIK MARSHALL ISLANDS 844
UTO UTOPIA CREEK ALASKA USA 1
UUK KUPARUK ALASKA USA 1
UVA UVALDE TEXAS USA 74
UVF ST. LUCIA W.I.. 276
UWA WARE MASSACHUSETTS USA 13
UXA LIK CAMP ALASKA USA 1
UXC HAWLEY MINNESOTA USA 63
UXD CHOWCHILLA CALIFORNIA USA 91
UXE FAULKTON SOUTH DAKOTA USA 67
UXF ST. ANTHONY IDAHO USA 83
UXG DUTCH JOHN UTAH USA 87
UXI CALDER BAY ALASKA USA 1
UXJ RICHMOND KENTUCKY USA 52
UXK PETALUMA CALIFORNIA USA 91
UXL CHARIOT ALASKA USA 1
UXM 47-MILE MINE ALASKA USA 1
UXN PRESTONSBURG KENTUCKY USA 52
UXO FITCHBURG MASSACHUSETTS USA 13
UXP BAY ST. LOUIS MISSISSIPPI USA 53
UXR MONUMENT VALLEY UTAH USA 87
UXS CIMARRON KANSAS USA 62
UXT LORAIN ELYRIA OHIO USA 44
UXU CHEBOYGAN MICHIGAN USA 43
UXV ENTERPRISE OREGON USA 92
UXW COOKEVILLE TENNESSEE USA 54
UXX HOT SPRINGS MONTANA USA 84
UXY CIRCLE MONTANA USA 84
UXZ GARRISON NORTH DAKOTA USA 66
VAK CHEVAK ALASKA USA 1
VAV VAVA'U TONGA ISLAND 881
VBG LOMPOC CALIFORNIA USA 91
VCB VIEW COVE ALASKA USA 1
VCT VICTORIA TEXAS USA 74
VCV VICTORVILLE CALIFORNIA USA 91
VDZ VALDEZ ALASKA USA 1
VEE VENETIE ALASKA USA 1
VEL VERNAL UTAH USA 87
VEX TIOGA NORTH DAKOTA USA 66
VGT LAS VEGAS NEVADA USA 85
VHN VAN HORN TEXAS USA 74
VIH VICHY MISSOURI USA 64
VIJ VIRGIN GORDA BRIT. VIRGIN IS. 282
VIS VISALIA CALIFORNIA USA 91
VJI ABINGDON VIRGINIA USA 38
VKW WEST KAVIK ALASKA USA 1
VLA VANDALIA ILLINOIS USA 41
VLE VALLE ARIZONA USA 81
VLO VALLEJO CALIFORNIA USA 91
VNC VENICE FLORIDA USA 33
VNY LOS ANGELES CALIFORNIA USA 91
VOK CAMP DOUGLAS WISCONSIN USA 45
VPS VALPARAISO FLORIDA USA 33
VQS VIEQUES PUERTO RICO 3
VRB VERO BEACH FLORIDA USA 33
VRS VERSAILLES MISSOURI USA 64
VSF SPRINGFIELD VERMONT USA 16
VTN VALENTINE NEBRASKA USA 65
VWA HEADLAND ALABAMA USA 51
VWB MYRTLE CREEK OREGON USA 92
VWC GALLATIN TENNESSEE USA 54
VWD HANFORD CALIFORNIA USA 91
VWE CHELAN WASHINGTON USA 93
VWF CUSTER SOUTH DAKOTA USA 67
VWG GARIBALDI OREGON USA 92
VWH MIDLAND ODESSA TEXAS USA 74
VWI CALIFORNIA CITY CALIFORNIA USA 91
VWJ CAMERON SOUTH CAROLINA USA 37
VWK SARATOGA SPRINGS NEW YORK USA 22
VWL BEMIDJI MINNESOTA USA 63
VWM WEED CALIFORNIA USA 91
VWN PARKER ARIZONA USA 81
VWO ARLINGTON WASHINGTON USA 93
VWP BERNARD IDAHO USA 83
VWQ LODI CALIFORNIA USA 91
VWR INDEPENDENCE CALIFORNIA USA 91
VWS WICHITA KANSAS USA 62
VWU GLEN ULLIN NORTH DAKOTA USA 66
VWV MOUNTAIN VIEW OKLAHOMA USA 73
VWW DEER LODGE MONTANA USA 84
VWX HONDO TEXAS USA 74
VWZ GRANITE CREEK MINE ALASKA USA 1
VXE SAO VICENTE CAPE VERDE IS. 507
VZA MARVEL CREEK MINE ALASKA USA 1
VZB MITROFANIA ALASKA USA 1
VZC MUSH BAY ALASKA USA 1
VZD CAMPBELL LAGOON ALASKA USA 1
VZE FRAZER LAKE ALASKA USA 1
VZF AFOGNAK STRAITS ALASKA USA 1
VZG MOFFET BAY ALASKA USA 1
VZH MINEOLA TEXAS USA 74
VZI BRUNDIDGE ALABAMA USA 51
VZJ PAYETTE IDAHO USA 83
VZL PETER PAN SEAFOODS ALASKA USA 1
VZM JENSENS STRIP ALASKA USA 1
VZN WILDMAN CREEK ALASKA USA 1
VZO STEPOVAK ALASKA USA 1
VZP ANIAKCHAK ALASKA USA 1
VZQ PUALE BAY ALASKA USA 1
VZR KATMAI BAY ALASKA USA 1
VZS KASHVIK BAY ALASKA USA 1
VZT CINDER MOUNTAIN ALASKA USA 1
VZU HAGEMEISTER ISLAND ALASKA USA 1
VZV CAPE PEIRCE ALASKA USA 1
VZW CAPE GREIG ALASKA USA 1
VZY KATMAI LODGE ALASKA USA 1
VZZ SOUTH ST. PAUL MINNESOTA USA 63
WAA WALES ALASKA USA 1
WAH WAHPETON NORTH DAKOTA USA 38
WAL CHINCOTEAGUE VIRGINIA USA 86
WAS WASHINGTON D.C. USA 32
WAX WARROAD MINNESOTA USA 63
WBB STEBBINS ALASKA USA 1
WBI BOULDER COLORADO USA 82
WBN WOBURN MASSACHUSETTS USA 13
WBQ BEAVER ALASKA USA 1
WBR BIG RAPIDS MICHIGAN USA 43
WBU BOULDER COLORADO USA 82
WCR CHANDALAR ALASKA USA 1
WDB DEEP BAY ALASKA USA 1
WDG ENID OKLAHOMA USA 73
WDN WALDRON ISLAND WASHINGTON USA 93
WEA WEATHERFORD TEXAS USA 74
WFB KETCHIKAN ALASKA USA 1
WFK MADAWASKA FT.KENT MAINE USA 12
WGO WINCHESTER VIRGINIA USA 38
WHD HYDER ALASKA USA 1
WHH BOULDER COLORADO USA 82
WHR VAIL COLORADO USA 82
WHT WHARTON TEXAS USA 74
WIK SURFDALE WAIHEKE IS. N. ZEALAND 851
WJA WOJA MARSHALL ISLANDS 844
WJF PALMDALE LANCASTER CALIFORNIA USA 91
WKK ALEKNAGIK ALASKA USA 1
WKL WAIKOLOA HAWAII HAWAII USA 2
WLB LABOUCHERE BAY ALASKA USA 1
WLD WINFIELD KANSAS USA 62
WLK SELAWIK ALASKA USA 1
WLM WALTHAM MASSACHUSETTS USA 13
WLN LITTLE NAUKATI ALASKA USA 1
WLR LORING ALASKA USA 1
WLW WILLOWS CALIFORNIA USA 91
WMC WINNEMUCCA NEVADA USA 85
WMH MOUNTAIN HOME ARKANSAS USA 71
WMK MEYERS CHUCK ALASKA USA 1
WMN MAROANTSETRA DEM. REP. MADAG. 541
WMO WHITE MOUNTAIN ALASKA USA 1
WNA NAPAKIAK ALASKA USA 1
WNC TUXEKAN ISLAND ALASKA USA 1
WOD WOOD RIVER ALASKA USA 1
WOO WOODCHOPPER ALASKA USA 1
WOW WILLOW ALASKA USA 1
WPO PAONIA COLORADO USA 34
WQA OVID NEW YORK USA 22
WQB MANDAN NORTH DAKOTA USA 66
WQC HAMILTON MONTANA USA 84
WQD TULELAKE CALIFORNIA USA 91
WQE DINSMORE CALIFORNIA USA 91
WQF RIGBY IDAHO USA 83
WQG HESPERIA CALIFORNIA USA 91
WQH DORRIS CALIFORNIA USA 91
WQI CONNELL WASHINGTON USA 93
WQJ PEARD BAY ALASKA USA 1
WQK TOWNSEND MONTANA USA 84
WQL BLUFF ALASKA USA 1
WQM LAKE CHARLES LOUISIANA USA 72
WQN CAMPBELLSVILLE KENTUCKY USA 52
WQO ROSAMOND CALIFORNIA USA 91
WQP OCEANO CALIFORNIA USA 91
WQQ FAIRBURN SOUTH DAKOTA USA 67
WQS POPLAR MONTANA USA 84
WQT BRIDGER MONTANA USA 84
WQV ROUND ISLAND ALASKA USA 1
WQW DAVID RIVER ALASKA USA 1
WQX KIAVAK ALASKA USA 1
WQY PORT WAKEFIELD ALASKA USA 1
WQZ CHIGNIK LAKE ALASKA USA 1
WRG WRANGELL ALASKA USA 1
WRH WRENCH CREEK ALASKA USA 1
WRI FT. DIX NEW JERSEY USA 21
WRL WORLAND WYOMONG USA 88
WSB STEAMBOAT BAY ALASKA USA 1
WSG WASHINGTON PENNSYLVANIA USA 23
WSH SHIRLEY NEW YORK USA 22
WSJ SAN JUAN ALASKA USA 1
WSM WISEMAN ALASKA USA 1
WSN SOUTH NAKNEK ALASKA USA 1
WST WESTERLY RHODE ISLAND USA 15
WSX WESTSOUND WASHINGTON USA 93
WTC NEW YORK NEW YORK USA 22
WTE WOTJE MARSHALL ISLANDS 844
WTK NOATAK ALASKA USA 1
WTL TUNTATULIAK ALASKA USA 1
WTO WOTHO MARSHALL ISLANDS 844
WTR WHITERIVER ARIZONA USA 81
WVI WATSONVILLE CALIFORNIA USA 91
WVL WATERVILLE MAINE USA 12
WWA WASILLA ALASKA USA 1
WWD CAPE MAY NEW JERSEY USA 21
WWP WHALE PASS ALASKA USA 1
WWR WOODWARD OKLAHOMA USA 73
WWT NEWTOK ALASKA USA 1
WYB YES BAY ALASKA USA 1
WYS WEST YELLOWSTONE MONTANA USA 84
XES LAKE GENEVA WISCONSIN USA 45
XMD MADISON SOUTH DAKOTA USA 67
XMR CAPE CANAVERAL FLORIDA USA 33
XNA Fayetteville AK USA 71
XPR PINE RIDGE SOUTH DAKOTA USA 67
XPU WEST KUPARUK ALASKA USA 1
XSD TONOPAH NEVADA USA 85
XSM ST. MARY'S MARYLAND USA 35
XWA GRANITE POINT ALASKA USA 1
XWB COLLINSVILLE MINE ALASKA USA 1
XWC YANTARNI BAY ALASKA USA 1
XWE COPALIS WASHINGTON USA 93
XWF JEROME IDAHO USA 83
XWI ST. IGNATIUS MONTANA USA 84
XWJ DEXTER MAINE USA 12
XWK PORT ORCHARD WASHINGTON USA 93
XWL BLACKFOOT IDAHO USA 83
XWN JUPITER FLORIDA USA 33
XWO KIMBALL NEBRASKA USA 65
XWR OOSIK SPLIT ALASKA USA 1
XWS OLIKTOK ALASKA USA 1
XWT NUSHAGAK BAY ALASKA USA 1
XWU MARION ALABAMA USA 51
XWV MONROE MICHIGAN USA 43
XWW DRIGGS IDAHO USA 83
XWY MCGREGOR TEXAS USA 74
XWZ OKANOGAN WASHINGTON USA 93
XXD CLARENDON TEXAS USA 74
XXE LAKEWOOD NEW JERSEY USA 21
XXG CAMBRIDGE MASSACHUSETTS USA 13
XXM COVELO CALIFORNIA USA 91
XXN WILLITS CALIFORNIA USA 91
XXO HURRICANE UTAH USA 87
XXP LAKEPORT CALIFORNIA USA 91
XXQ FRANKFORT ILLINOIS USA 41
XXR MARIPOSA CALIFORNIA USA 91
XXS CRESWELL OREGON USA 92
XXT POLSON MONTANA USA 84
XXU ASHLAND OREGON USA 92
XXV DECATUR SHORES WASHINGTON USA 93
XXW LAKE CITY FLORIDA USA 33
XXX MENA ARKANSAS USA 71
XXY FORTUNA CALIFORNIA USA 91
YAK YAKUTAT ALASKA USA 1
YIP DETROIT MICHIGAN USA 43
YKM YAKIMA WASHINGTON USA 93
YKN YANKTON SOUTH DAKOTA USA 67
YNG YOUNGSTOWN OHIO USA 44
YUM YUMA ARIZONA USA 81
ZBP BALTIMORE MARYLAND USA 35
ZBS MESA ARIZONA USA 81
ZBV BEAVER CREEK COLORADO USA 82
ZBX BRANSON MISSOURI USA 64
ZFT FT. LAUDERDALE FLORIDA USA 33
ZHC PHILADELPHIA PA-NO PHIL RR USA 23
ZJO SAN JOSE CALIFORNIA-BUS STN USA 91
ZME PATERSON NJ METRO PARK NY USA 21
ZML MILWAUKEE WISCONSIN USA 45
ZNC NYAC ALASKA USA 1
ZP1 LOS ANGELES CA-LONG BEACH USA 91
ZP2 NEW YORK NEW YORK-WESTCHESTR USA 22
ZP5 SAN FRANCISCO CA-OAKLAND USA 91
ZP6 LOS ANGELES CA-PALMDALE USA 91
ZPA JOHNSTOWN PENNSYLVANIA-RR USA 23
ZPH ZEPHYRHILLS FLORIDA USA 33
ZPL PITTSBURGH PENNSYLVANIA-RR USA 23
ZRA ATLANTIC CITY NEW JERSEY USA 21
ZRD BUFFALO NEW YORK USA 22
ZRF ROCKFORD ILLINOIS USA 41
ZRL ALBANY NEW YORK USA 22
ZRP NEWARK NEW JERSEY USA 22
ZSF SPRINGFIELD MISSOURI USA 64
ZSM SANTA CLARA CALIFORNIA USA 91
ZSV ST. LOUIS MISSOURI USA 64
ZTL TELLURIDE COLORADO USA 82
ZTY PHILADELPHIA PENNSYLVANIA USA 23
ZUA MIAMI FLORIDA-RR USA 33
ZUF GRAND RAPIDS MICHIGAN-RR USA 43
ZUG GR H.PT WIN SAL NC-RR USA 36
ZUJ JACKSONVILLE FLORIDA-RR USA 33
ZUN CHICAGO ILLINOIS USA 41
ZUP HARRISBURG PA-RR USA 23
ZUR RALEIGH DURHAM NC-RR USA 36
ZUS SPRINGFIELD ILLINOIS-RR USA 41
ZUT DETROIT MICHIGAN-RR USA 43
ZUW LOS ANGELES CA-UNION RR USA 91
ZUX OXNARD CA-RR USA 91
ZWI PHILADELPHIA PA WILMINGTON DE USA 23
ZWP WEST PALM BEACH FLORIDA USA 33
ZWU WASHINGTON DC USA 32
ZXC GASQUET CALIFORNIA USA 91
ZXF ILLINOIS CREEK ALASKA USA 1
ZXH CHOMONDELY SOUND ALASKA USA 1
ZXI COAL BAY ALASKA USA 1
ZXJ HAPPY HARBOUR ALASKA USA 1
ZXK LANCASTER COVE ALASKA USA 1
ZXL REID COVE ALASKA USA 1
ZXM SALTERY COVE ALASKA USA 1
ZXN CLOVER BAY ALASKA USA 1
ZXO EL CAPITAN ALASKA USA 1
ZXP SALMON BAY LAKE ALASKA USA 1
ZXR CARMEL VALLEY CALIFORNIA USA 91
ZXS ELK RIVER IDAHO USA 83
ZXT CLOVERDALE CALIFORNIA USA 91
ZXU NORTH KINGSTOWN RHODE ISLAND USA 15
ZXW PARADISE CALIFORNIA USA 91
ZXX KENNEWICK WASHINGTON USA 93
ZXY DELTA COLORADO USA 82
ZXZ WATERVILLE WASHINGTON USA 93
ZYP NEW YORK NEW YORK USA 22
ZZA HARTFORD CONNECTICUT-RR USA 11
ZZB BALTIMORE MARYLAND-BWI RR STN USA 35
ZZC NEW CARROLLTON MARYLAND USA 35
ZZD NEWPORT NEWS VIRGINIA-RR USA 38
ZZK NORFOLK VIRGINIA-RR USA 38
ZZL RICHMOND VIRGINIA-RR USA 38
ZZM SCHENECTADY NEW YORK-RR USA 22
ZZR PRINCETON NEW JERSEY-P JCT TRN US 21
ZZT TRENTON NEW JERSEY-NJ RR STAT USA 21
ZZV ZANESVILLE OHIO USA 44
